<?xml version='1.0' encoding='UTF-8' standalone='no'?>
<doxygen xmlns:xsi="http://www.w3.org/2001/XMLSchema-instance" xsi:noNamespaceSchemaLocation="compound.xsd" version="1.8.11">
  <compounddef id="_getting_started_8ino-example" kind="example">
    <compoundname>GettingStarted.ino</compoundname>
    <detaileddescription>
<para><programlisting><codeline></codeline>
<codeline><highlight class="comment">/*</highlight></codeline>
<codeline><highlight class="comment"><sp/>*<sp/>Table<sp/>of<sp/>Content</highlight></codeline>
<codeline><highlight class="comment"><sp/><sp/><sp/>Function<sp/>1<sp/>-<sp/>4<sp/>:<sp/><sp/><sp/><sp/>move<sp/>to<sp/>a<sp/>certain<sp/>point<sp/>(f)</highlight></codeline>
<codeline><highlight class="comment"><sp/><sp/><sp/>Fucntion<sp/>d<sp/>:<sp/>detach<sp/>servos</highlight></codeline>
<codeline><highlight class="comment"><sp/><sp/><sp/>Function<sp/>o<sp/>:<sp/>pump<sp/>on</highlight></codeline>
<codeline><highlight class="comment"><sp/><sp/><sp/>Function<sp/>f<sp/>:<sp/>pump<sp/>off</highlight></codeline>
<codeline><highlight class="comment"><sp/><sp/><sp/>Function<sp/>g<sp/>:<sp/>read<sp/>current<sp/>coordinate</highlight></codeline>
<codeline><highlight class="comment"><sp/><sp/><sp/>Function<sp/>5<sp/>:<sp/>Read<sp/>Servo<sp/>offset</highlight></codeline>
<codeline><highlight class="comment"></highlight></codeline>
<codeline><highlight class="comment"></highlight></codeline>
<codeline><highlight class="comment"><sp/>*/</highlight><highlight class="normal"></highlight></codeline>
<codeline><highlight class="normal"></highlight></codeline>
<codeline><highlight class="normal"></highlight></codeline>
<codeline><highlight class="normal"></highlight><highlight class="preprocessor">#include<sp/>&quot;<ref refid="uarm__library_8h" kindref="compound">uarm_library.h</ref>&quot;</highlight><highlight class="normal"></highlight></codeline>
<codeline><highlight class="normal"></highlight></codeline>
<codeline><highlight class="normal"></highlight><highlight class="keywordtype">int</highlight><highlight class="normal"><sp/><ref refid="_calibration_8ino_1ac4f474c82e82cbb89ca7c36dd52be0ed" kindref="member">value</ref>;<sp/><sp/><sp/><sp/><sp/><sp/><sp/><sp/></highlight><highlight class="comment">//<sp/>value<sp/>is<sp/>the<sp/>data<sp/>recevied</highlight><highlight class="normal"></highlight></codeline>
<codeline><highlight class="normal"></highlight></codeline>
<codeline><highlight class="normal"></highlight><highlight class="keywordtype">void</highlight><highlight class="normal"><sp/><ref refid="_calibration_8ino_1a4fc01d736fe50cf5b977f755b675f11d" kindref="member">setup</ref>()<sp/>{</highlight></codeline>
<codeline><highlight class="normal"></highlight></codeline>
<codeline><highlight class="normal"><sp/><sp/><sp/><sp/><sp/><sp/><sp/><sp/>Wire.begin();<sp/><sp/><sp/><sp/><sp/><sp/></highlight><highlight class="comment">//<sp/>join<sp/>i2c<sp/>bus<sp/>(address<sp/>optional<sp/>for<sp/>master)</highlight><highlight class="normal"></highlight></codeline>
<codeline><highlight class="normal"><sp/><sp/><sp/><sp/><sp/><sp/><sp/><sp/>Serial.begin(9600);<sp/></highlight><highlight class="comment">//<sp/>start<sp/>serial<sp/>port<sp/>at<sp/>9600<sp/>bps</highlight><highlight class="normal"></highlight></codeline>
<codeline><highlight class="normal">}</highlight></codeline>
<codeline><highlight class="normal"></highlight></codeline>
<codeline><highlight class="normal"></highlight></codeline>
<codeline><highlight class="normal"></highlight><highlight class="keywordtype">void</highlight><highlight class="normal"><sp/><ref refid="_calibration_8ino_1afe461d27b9c48d5921c00d521181f12f" kindref="member">loop</ref>()<sp/>{</highlight></codeline>
<codeline><highlight class="normal"></highlight></codeline>
<codeline><highlight class="normal"><sp/><sp/><sp/><sp/><sp/><sp/><sp/><sp/></highlight><highlight class="keywordflow">if</highlight><highlight class="normal">(Serial.available()&gt;0)</highlight></codeline>
<codeline><highlight class="normal"><sp/><sp/><sp/><sp/><sp/><sp/><sp/><sp/>{</highlight></codeline>
<codeline><highlight class="normal"></highlight></codeline>
<codeline><highlight class="normal"><sp/><sp/><sp/><sp/><sp/><sp/><sp/><sp/><sp/><sp/><sp/><sp/><sp/><sp/><sp/><sp/></highlight><highlight class="keywordtype">char</highlight><highlight class="normal"><sp/>readSerial<sp/>=<sp/>Serial.read();</highlight></codeline>
<codeline><highlight class="normal"><sp/><sp/><sp/><sp/><sp/><sp/><sp/><sp/><sp/><sp/><sp/><sp/><sp/><sp/><sp/><sp/>Serial.println(readSerial);</highlight></codeline>
<codeline><highlight class="normal"></highlight></codeline>
<codeline><highlight class="normal"><sp/><sp/><sp/><sp/><sp/><sp/><sp/><sp/><sp/><sp/><sp/><sp/><sp/><sp/><sp/><sp/></highlight><highlight class="comment">//----------------------------------<sp/><sp/>function<sp/>1<sp/><sp/>------------------------------------</highlight><highlight class="normal"></highlight></codeline>
<codeline><highlight class="normal"><sp/><sp/><sp/><sp/><sp/><sp/><sp/><sp/><sp/><sp/><sp/><sp/><sp/><sp/><sp/><sp/></highlight><highlight class="comment">//<sp/>function<sp/>below<sp/>is<sp/>for<sp/>move<sp/>uArm<sp/>from<sp/>current<sp/>position<sp/>to<sp/>absolute<sp/>coordinate</highlight><highlight class="normal"></highlight></codeline>
<codeline><highlight class="normal"><sp/><sp/><sp/><sp/><sp/><sp/><sp/><sp/><sp/><sp/><sp/><sp/><sp/><sp/><sp/><sp/></highlight><highlight class="comment">//<sp/>x<sp/>=<sp/>13,<sp/>y<sp/>=<sp/>-13,<sp/>z<sp/>=<sp/>3</highlight><highlight class="normal"></highlight></codeline>
<codeline><highlight class="normal"></highlight></codeline>
<codeline><highlight class="normal"><sp/><sp/><sp/><sp/><sp/><sp/><sp/><sp/><sp/><sp/><sp/><sp/><sp/><sp/><sp/><sp/></highlight><highlight class="keywordflow">if</highlight><highlight class="normal"><sp/>(readSerial<sp/>==<sp/></highlight><highlight class="charliteral">&apos;1&apos;</highlight><highlight class="normal">)<sp/>{</highlight></codeline>
<codeline><highlight class="normal"><sp/><sp/><sp/><sp/><sp/><sp/><sp/><sp/><sp/><sp/><sp/><sp/><sp/><sp/><sp/><sp/><sp/><sp/><sp/><sp/><sp/><sp/><sp/><sp/><ref refid="uarm__library_8cpp_1a090cc6fa82eb11487fd2c4a227f0b85c" kindref="member">uarm</ref>.<ref refid="classu_arm_class_1aaf4c2ca0a6ff1a78ddc73397b8ea4dd4" kindref="member">move_to</ref>(13,-13,3);</highlight></codeline>
<codeline><highlight class="normal"><sp/><sp/><sp/><sp/><sp/><sp/><sp/><sp/><sp/><sp/><sp/><sp/><sp/><sp/><sp/><sp/><sp/><sp/><sp/><sp/><sp/><sp/><sp/><sp/>delay(1000);</highlight></codeline>
<codeline><highlight class="normal"><sp/><sp/><sp/><sp/><sp/><sp/><sp/><sp/><sp/><sp/><sp/><sp/><sp/><sp/><sp/><sp/>}</highlight></codeline>
<codeline><highlight class="normal"></highlight></codeline>
<codeline><highlight class="normal"><sp/><sp/><sp/><sp/><sp/><sp/><sp/><sp/><sp/><sp/><sp/><sp/><sp/><sp/><sp/><sp/></highlight><highlight class="comment">//----------------------------------<sp/><sp/>function<sp/>2<sp/><sp/>------------------------------------</highlight><highlight class="normal"></highlight></codeline>
<codeline><highlight class="normal"><sp/><sp/><sp/><sp/><sp/><sp/><sp/><sp/><sp/><sp/><sp/><sp/><sp/><sp/><sp/><sp/></highlight><highlight class="comment">//<sp/>function<sp/>below<sp/>is<sp/>for<sp/>move<sp/>uArm<sp/>from<sp/>current<sp/>position<sp/>to<sp/>absolute<sp/>coordinate</highlight><highlight class="normal"></highlight></codeline>
<codeline><highlight class="normal"><sp/><sp/><sp/><sp/><sp/><sp/><sp/><sp/><sp/><sp/><sp/><sp/><sp/><sp/><sp/><sp/></highlight><highlight class="comment">//<sp/>x<sp/>=<sp/>-13,<sp/>y<sp/>=<sp/>-13,<sp/>z<sp/>=<sp/>3</highlight><highlight class="normal"></highlight></codeline>
<codeline><highlight class="normal"></highlight></codeline>
<codeline><highlight class="normal"><sp/><sp/><sp/><sp/><sp/><sp/><sp/><sp/><sp/><sp/><sp/><sp/><sp/><sp/><sp/><sp/></highlight><highlight class="keywordflow">if</highlight><highlight class="normal"><sp/>(readSerial<sp/>==<sp/></highlight><highlight class="charliteral">&apos;2&apos;</highlight><highlight class="normal">)<sp/>{</highlight></codeline>
<codeline><highlight class="normal"><sp/><sp/><sp/><sp/><sp/><sp/><sp/><sp/><sp/><sp/><sp/><sp/><sp/><sp/><sp/><sp/><sp/><sp/><sp/><sp/><sp/><sp/><sp/><sp/><ref refid="uarm__library_8cpp_1a090cc6fa82eb11487fd2c4a227f0b85c" kindref="member">uarm</ref>.<ref refid="classu_arm_class_1aaf4c2ca0a6ff1a78ddc73397b8ea4dd4" kindref="member">move_to</ref>(-13,-13,3);</highlight></codeline>
<codeline><highlight class="normal"><sp/><sp/><sp/><sp/><sp/><sp/><sp/><sp/><sp/><sp/><sp/><sp/><sp/><sp/><sp/><sp/><sp/><sp/><sp/><sp/><sp/><sp/><sp/><sp/>delay(1000);</highlight></codeline>
<codeline><highlight class="normal"><sp/><sp/><sp/><sp/><sp/><sp/><sp/><sp/><sp/><sp/><sp/><sp/><sp/><sp/><sp/><sp/>}</highlight></codeline>
<codeline><highlight class="normal"></highlight></codeline>
<codeline><highlight class="normal"><sp/><sp/><sp/><sp/><sp/><sp/><sp/><sp/><sp/><sp/><sp/><sp/><sp/><sp/><sp/><sp/></highlight><highlight class="comment">//----------------------------------<sp/><sp/>function<sp/>3<sp/><sp/>------------------------------------</highlight><highlight class="normal"></highlight></codeline>
<codeline><highlight class="normal"><sp/><sp/><sp/><sp/><sp/><sp/><sp/><sp/><sp/><sp/><sp/><sp/><sp/><sp/><sp/><sp/></highlight><highlight class="comment">//<sp/>function<sp/>below<sp/>is<sp/>for<sp/>move<sp/>uArm<sp/>from<sp/>current<sp/>position<sp/>to<sp/>relatvie<sp/>coordinate</highlight><highlight class="normal"></highlight></codeline>
<codeline><highlight class="normal"><sp/><sp/><sp/><sp/><sp/><sp/><sp/><sp/><sp/><sp/><sp/><sp/><sp/><sp/><sp/><sp/></highlight><highlight class="comment">//<sp/>(dot)<sp/>dx<sp/>=<sp/>4,<sp/>dy<sp/>=<sp/>-3,<sp/>dz<sp/>=<sp/>2<sp/>in<sp/>5<sp/>seconds</highlight><highlight class="normal"></highlight></codeline>
<codeline><highlight class="normal"></highlight></codeline>
<codeline><highlight class="normal"><sp/><sp/><sp/><sp/><sp/><sp/><sp/><sp/><sp/><sp/><sp/><sp/><sp/><sp/><sp/><sp/></highlight><highlight class="keywordflow">if</highlight><highlight class="normal"><sp/>(readSerial<sp/>==<sp/></highlight><highlight class="charliteral">&apos;3&apos;</highlight><highlight class="normal">)<sp/>{</highlight></codeline>
<codeline><highlight class="normal"><sp/><sp/><sp/><sp/><sp/><sp/><sp/><sp/><sp/><sp/><sp/><sp/><sp/><sp/><sp/><sp/><sp/><sp/><sp/><sp/><sp/><sp/><sp/><sp/><ref refid="uarm__library_8cpp_1a090cc6fa82eb11487fd2c4a227f0b85c" kindref="member">uarm</ref>.<ref refid="classu_arm_class_1aaf4c2ca0a6ff1a78ddc73397b8ea4dd4" kindref="member">move_to</ref>(5,0,0,<ref refid="uarm__library_8h_1a1c53ccfc510f2dc5a6572a6768de9041" kindref="member">RELATIVE</ref>,2);</highlight></codeline>
<codeline><highlight class="normal"><sp/><sp/><sp/><sp/><sp/><sp/><sp/><sp/><sp/><sp/><sp/><sp/><sp/><sp/><sp/><sp/><sp/><sp/><sp/><sp/><sp/><sp/><sp/><sp/>delay(1000);</highlight></codeline>
<codeline><highlight class="normal"><sp/><sp/><sp/><sp/><sp/><sp/><sp/><sp/><sp/><sp/><sp/><sp/><sp/><sp/><sp/><sp/>}</highlight></codeline>
<codeline><highlight class="normal"></highlight></codeline>
<codeline><highlight class="normal"><sp/><sp/><sp/><sp/><sp/><sp/><sp/><sp/><sp/><sp/><sp/><sp/><sp/><sp/><sp/><sp/></highlight><highlight class="comment">//----------------------------------<sp/><sp/>function<sp/>4<sp/><sp/>------------------------------------</highlight><highlight class="normal"></highlight></codeline>
<codeline><highlight class="normal"><sp/><sp/><sp/><sp/><sp/><sp/><sp/><sp/><sp/><sp/><sp/><sp/><sp/><sp/><sp/><sp/></highlight><highlight class="comment">//<sp/>function<sp/>below<sp/>is<sp/>for<sp/>move<sp/>uArm<sp/>from<sp/>current<sp/>position<sp/>to<sp/>relatvie<sp/>coordinate</highlight><highlight class="normal"></highlight></codeline>
<codeline><highlight class="normal"><sp/><sp/><sp/><sp/><sp/><sp/><sp/><sp/><sp/><sp/><sp/><sp/><sp/><sp/><sp/><sp/></highlight><highlight class="comment">//<sp/>(dot)<sp/>dx<sp/>=<sp/>-4,<sp/>dy<sp/>=<sp/>3,<sp/>dz<sp/>=<sp/>-2<sp/>in<sp/>5<sp/>seconds</highlight><highlight class="normal"></highlight></codeline>
<codeline><highlight class="normal"></highlight></codeline>
<codeline><highlight class="normal"><sp/><sp/><sp/><sp/><sp/><sp/><sp/><sp/><sp/><sp/><sp/><sp/><sp/><sp/><sp/><sp/></highlight><highlight class="keywordflow">if</highlight><highlight class="normal"><sp/>(readSerial<sp/>==<sp/></highlight><highlight class="charliteral">&apos;4&apos;</highlight><highlight class="normal">)<sp/>{</highlight></codeline>
<codeline><highlight class="normal"><sp/><sp/><sp/><sp/><sp/><sp/><sp/><sp/><sp/><sp/><sp/><sp/><sp/><sp/><sp/><sp/><sp/><sp/><sp/><sp/><sp/><sp/><sp/><sp/><ref refid="uarm__library_8cpp_1a090cc6fa82eb11487fd2c4a227f0b85c" kindref="member">uarm</ref>.<ref refid="classu_arm_class_1aaf4c2ca0a6ff1a78ddc73397b8ea4dd4" kindref="member">move_to</ref>(-4,3,-2,<ref refid="uarm__library_8h_1a1c53ccfc510f2dc5a6572a6768de9041" kindref="member">RELATIVE</ref>,5);</highlight></codeline>
<codeline><highlight class="normal"><sp/><sp/><sp/><sp/><sp/><sp/><sp/><sp/><sp/><sp/><sp/><sp/><sp/><sp/><sp/><sp/><sp/><sp/><sp/><sp/><sp/><sp/><sp/><sp/>delay(1000);</highlight></codeline>
<codeline><highlight class="normal"><sp/><sp/><sp/><sp/><sp/><sp/><sp/><sp/><sp/><sp/><sp/><sp/><sp/><sp/><sp/><sp/>}</highlight></codeline>
<codeline><highlight class="normal"></highlight></codeline>
<codeline><highlight class="normal"><sp/><sp/><sp/><sp/><sp/><sp/><sp/><sp/><sp/><sp/><sp/><sp/><sp/><sp/><sp/><sp/></highlight><highlight class="comment">//----------------------------------<sp/><sp/>function<sp/>d<sp/><sp/>------------------------------------</highlight><highlight class="normal"></highlight></codeline>
<codeline><highlight class="normal"><sp/><sp/><sp/><sp/><sp/><sp/><sp/><sp/><sp/><sp/><sp/><sp/><sp/><sp/><sp/><sp/></highlight><highlight class="comment">//<sp/>Detach<sp/>Servo</highlight><highlight class="normal"></highlight></codeline>
<codeline><highlight class="normal"></highlight></codeline>
<codeline><highlight class="normal"><sp/><sp/><sp/><sp/><sp/><sp/><sp/><sp/><sp/><sp/><sp/><sp/><sp/><sp/><sp/><sp/></highlight><highlight class="keywordflow">if</highlight><highlight class="normal"><sp/>(readSerial<sp/>==<sp/></highlight><highlight class="charliteral">&apos;d&apos;</highlight><highlight class="normal">)<sp/>{</highlight></codeline>
<codeline><highlight class="normal"><sp/><sp/><sp/><sp/><sp/><sp/><sp/><sp/><sp/><sp/><sp/><sp/><sp/><sp/><sp/><sp/><sp/><sp/><sp/><sp/><ref refid="uarm__library_8cpp_1a090cc6fa82eb11487fd2c4a227f0b85c" kindref="member">uarm</ref>.<ref refid="classu_arm_class_1afa56f149c58d1577804de94ea8235d97" kindref="member">set_servo_status</ref>(</highlight><highlight class="keyword">false</highlight><highlight class="normal">,<sp/><ref refid="uarm__library_8h_1aedb0af3f18647ea800b5e7591f44fff5" kindref="member">SERVO_ROT_NUM</ref>);</highlight></codeline>
<codeline><highlight class="normal"><sp/><sp/><sp/><sp/><sp/><sp/><sp/><sp/><sp/><sp/><sp/><sp/><sp/><sp/><sp/><sp/><sp/><sp/><sp/><sp/><ref refid="uarm__library_8cpp_1a090cc6fa82eb11487fd2c4a227f0b85c" kindref="member">uarm</ref>.<ref refid="classu_arm_class_1afa56f149c58d1577804de94ea8235d97" kindref="member">set_servo_status</ref>(</highlight><highlight class="keyword">false</highlight><highlight class="normal">,<sp/><ref refid="uarm__library_8h_1aad9c39f9a13fb794436e7f28a66ec957" kindref="member">SERVO_LEFT_NUM</ref>);</highlight></codeline>
<codeline><highlight class="normal"><sp/><sp/><sp/><sp/><sp/><sp/><sp/><sp/><sp/><sp/><sp/><sp/><sp/><sp/><sp/><sp/><sp/><sp/><sp/><sp/><ref refid="uarm__library_8cpp_1a090cc6fa82eb11487fd2c4a227f0b85c" kindref="member">uarm</ref>.<ref refid="classu_arm_class_1afa56f149c58d1577804de94ea8235d97" kindref="member">set_servo_status</ref>(</highlight><highlight class="keyword">false</highlight><highlight class="normal">,<sp/><ref refid="uarm__library_8h_1ad6c6879b0915a777fc2165e9e1b324a7" kindref="member">SERVO_RIGHT_NUM</ref>);</highlight></codeline>
<codeline><highlight class="normal"><sp/><sp/><sp/><sp/><sp/><sp/><sp/><sp/><sp/><sp/><sp/><sp/><sp/><sp/><sp/><sp/><sp/><sp/><sp/><sp/><ref refid="uarm__library_8cpp_1a090cc6fa82eb11487fd2c4a227f0b85c" kindref="member">uarm</ref>.<ref refid="classu_arm_class_1afa56f149c58d1577804de94ea8235d97" kindref="member">set_servo_status</ref>(</highlight><highlight class="keyword">false</highlight><highlight class="normal">,<sp/><ref refid="uarm__library_8h_1a21176f343ea2d7a582d08884193c07e9" kindref="member">SERVO_HAND_ROT_NUM</ref>);</highlight></codeline>
<codeline><highlight class="normal"><sp/><sp/><sp/><sp/><sp/><sp/><sp/><sp/><sp/><sp/><sp/><sp/><sp/><sp/><sp/><sp/>}</highlight></codeline>
<codeline><highlight class="normal"><sp/><sp/><sp/><sp/><sp/><sp/><sp/><sp/><sp/><sp/><sp/><sp/><sp/><sp/><sp/><sp/></highlight><highlight class="comment">//----------------------------------<sp/><sp/>function<sp/>a<sp/><sp/>------------------------------------</highlight><highlight class="normal"></highlight></codeline>
<codeline><highlight class="normal"><sp/><sp/><sp/><sp/><sp/><sp/><sp/><sp/><sp/><sp/><sp/><sp/><sp/><sp/><sp/><sp/></highlight><highlight class="comment">//<sp/>Detach<sp/>Servo</highlight><highlight class="normal"></highlight></codeline>
<codeline><highlight class="normal"></highlight></codeline>
<codeline><highlight class="normal"><sp/><sp/><sp/><sp/><sp/><sp/><sp/><sp/><sp/><sp/><sp/><sp/><sp/><sp/><sp/><sp/></highlight><highlight class="keywordflow">if</highlight><highlight class="normal"><sp/>(readSerial<sp/>==<sp/></highlight><highlight class="charliteral">&apos;a&apos;</highlight><highlight class="normal">)<sp/>{</highlight></codeline>
<codeline><highlight class="normal"><sp/><sp/><sp/><sp/><sp/><sp/><sp/><sp/><sp/><sp/><sp/><sp/><sp/><sp/><sp/><sp/><sp/><sp/><sp/><sp/><ref refid="uarm__library_8cpp_1a090cc6fa82eb11487fd2c4a227f0b85c" kindref="member">uarm</ref>.<ref refid="classu_arm_class_1afa56f149c58d1577804de94ea8235d97" kindref="member">set_servo_status</ref>(</highlight><highlight class="keyword">true</highlight><highlight class="normal">,<sp/><ref refid="uarm__library_8h_1aedb0af3f18647ea800b5e7591f44fff5" kindref="member">SERVO_ROT_NUM</ref>);</highlight></codeline>
<codeline><highlight class="normal"><sp/><sp/><sp/><sp/><sp/><sp/><sp/><sp/><sp/><sp/><sp/><sp/><sp/><sp/><sp/><sp/><sp/><sp/><sp/><sp/><ref refid="uarm__library_8cpp_1a090cc6fa82eb11487fd2c4a227f0b85c" kindref="member">uarm</ref>.<ref refid="classu_arm_class_1afa56f149c58d1577804de94ea8235d97" kindref="member">set_servo_status</ref>(</highlight><highlight class="keyword">true</highlight><highlight class="normal">,<sp/><ref refid="uarm__library_8h_1aad9c39f9a13fb794436e7f28a66ec957" kindref="member">SERVO_LEFT_NUM</ref>);</highlight></codeline>
<codeline><highlight class="normal"><sp/><sp/><sp/><sp/><sp/><sp/><sp/><sp/><sp/><sp/><sp/><sp/><sp/><sp/><sp/><sp/><sp/><sp/><sp/><sp/><ref refid="uarm__library_8cpp_1a090cc6fa82eb11487fd2c4a227f0b85c" kindref="member">uarm</ref>.<ref refid="classu_arm_class_1afa56f149c58d1577804de94ea8235d97" kindref="member">set_servo_status</ref>(</highlight><highlight class="keyword">true</highlight><highlight class="normal">,<sp/><ref refid="uarm__library_8h_1ad6c6879b0915a777fc2165e9e1b324a7" kindref="member">SERVO_RIGHT_NUM</ref>);</highlight></codeline>
<codeline><highlight class="normal"><sp/><sp/><sp/><sp/><sp/><sp/><sp/><sp/><sp/><sp/><sp/><sp/><sp/><sp/><sp/><sp/><sp/><sp/><sp/><sp/><ref refid="uarm__library_8cpp_1a090cc6fa82eb11487fd2c4a227f0b85c" kindref="member">uarm</ref>.<ref refid="classu_arm_class_1afa56f149c58d1577804de94ea8235d97" kindref="member">set_servo_status</ref>(</highlight><highlight class="keyword">true</highlight><highlight class="normal">,<sp/><ref refid="uarm__library_8h_1a21176f343ea2d7a582d08884193c07e9" kindref="member">SERVO_HAND_ROT_NUM</ref>);</highlight></codeline>
<codeline><highlight class="normal"><sp/><sp/><sp/><sp/><sp/><sp/><sp/><sp/><sp/><sp/><sp/><sp/><sp/><sp/><sp/><sp/>}</highlight></codeline>
<codeline><highlight class="normal"></highlight></codeline>
<codeline><highlight class="normal"><sp/><sp/><sp/><sp/><sp/><sp/><sp/><sp/><sp/><sp/><sp/><sp/><sp/><sp/><sp/><sp/></highlight><highlight class="comment">//----------------------------------<sp/><sp/>function<sp/>o<sp/><sp/>------------------------------------</highlight><highlight class="normal"></highlight></codeline>
<codeline><highlight class="normal"><sp/><sp/><sp/><sp/><sp/><sp/><sp/><sp/><sp/><sp/><sp/><sp/><sp/><sp/><sp/><sp/></highlight><highlight class="comment">//<sp/>Pump<sp/>on</highlight><highlight class="normal"></highlight></codeline>
<codeline><highlight class="normal"><sp/><sp/><sp/><sp/><sp/><sp/><sp/><sp/><sp/><sp/><sp/><sp/><sp/><sp/><sp/><sp/></highlight><highlight class="keywordflow">if</highlight><highlight class="normal"><sp/>(readSerial<sp/>==<sp/></highlight><highlight class="charliteral">&apos;o&apos;</highlight><highlight class="normal">)<sp/>{</highlight></codeline>
<codeline><highlight class="normal"><sp/><sp/><sp/><sp/><sp/><sp/><sp/><sp/><sp/><sp/><sp/><sp/><sp/><sp/><sp/><sp/><sp/><sp/><sp/><sp/><sp/><sp/><sp/><sp/><ref refid="uarm__library_8cpp_1a090cc6fa82eb11487fd2c4a227f0b85c" kindref="member">uarm</ref>.<ref refid="classu_arm_class_1a983b6a63e8c76c27bb1f4b1e51ef059a" kindref="member">pump_on</ref>();</highlight></codeline>
<codeline><highlight class="normal"><sp/><sp/><sp/><sp/><sp/><sp/><sp/><sp/><sp/><sp/><sp/><sp/><sp/><sp/><sp/><sp/>}</highlight></codeline>
<codeline><highlight class="normal"><sp/><sp/><sp/><sp/><sp/><sp/><sp/><sp/><sp/><sp/><sp/><sp/><sp/><sp/><sp/><sp/></highlight><highlight class="comment">//----------------------------------<sp/><sp/>function<sp/>f<sp/><sp/>------------------------------------</highlight><highlight class="normal"></highlight></codeline>
<codeline><highlight class="normal"><sp/><sp/><sp/><sp/><sp/><sp/><sp/><sp/><sp/><sp/><sp/><sp/><sp/><sp/><sp/><sp/></highlight><highlight class="comment">//<sp/>Pump<sp/>off</highlight><highlight class="normal"></highlight></codeline>
<codeline><highlight class="normal"><sp/><sp/><sp/><sp/><sp/><sp/><sp/><sp/><sp/><sp/><sp/><sp/><sp/><sp/><sp/><sp/></highlight><highlight class="keywordflow">if</highlight><highlight class="normal"><sp/>(readSerial<sp/>==<sp/></highlight><highlight class="charliteral">&apos;f&apos;</highlight><highlight class="normal">)<sp/>{</highlight></codeline>
<codeline><highlight class="normal"><sp/><sp/><sp/><sp/><sp/><sp/><sp/><sp/><sp/><sp/><sp/><sp/><sp/><sp/><sp/><sp/><sp/><sp/><sp/><sp/><sp/><sp/><sp/><sp/><ref refid="uarm__library_8cpp_1a090cc6fa82eb11487fd2c4a227f0b85c" kindref="member">uarm</ref>.<ref refid="classu_arm_class_1a908b2f1a111b14ffdfc52bce7ccffd3d" kindref="member">pump_off</ref>();</highlight></codeline>
<codeline><highlight class="normal"><sp/><sp/><sp/><sp/><sp/><sp/><sp/><sp/><sp/><sp/><sp/><sp/><sp/><sp/><sp/><sp/>}</highlight></codeline>
<codeline><highlight class="normal"></highlight></codeline>
<codeline><highlight class="normal"><sp/><sp/><sp/><sp/><sp/><sp/><sp/><sp/><sp/><sp/><sp/><sp/><sp/><sp/><sp/><sp/></highlight><highlight class="comment">//----------------------------------<sp/><sp/>function<sp/>g<sp/><sp/>------------------------------------</highlight><highlight class="normal"></highlight></codeline>
<codeline><highlight class="normal"><sp/><sp/><sp/><sp/><sp/><sp/><sp/><sp/><sp/><sp/><sp/><sp/><sp/><sp/><sp/><sp/></highlight><highlight class="comment">//<sp/>function<sp/>below<sp/>is<sp/>for<sp/>print<sp/>current<sp/>x,y,z<sp/>absolute<sp/>location</highlight><highlight class="normal"></highlight></codeline>
<codeline><highlight class="normal"></highlight></codeline>
<codeline><highlight class="normal"><sp/><sp/><sp/><sp/><sp/><sp/><sp/><sp/><sp/><sp/><sp/><sp/><sp/><sp/><sp/><sp/></highlight><highlight class="keywordflow">if</highlight><highlight class="normal"><sp/>(readSerial<sp/>==<sp/></highlight><highlight class="charliteral">&apos;g&apos;</highlight><highlight class="normal">)<sp/>{</highlight></codeline>
<codeline><highlight class="normal"><sp/><sp/><sp/><sp/><sp/><sp/><sp/><sp/><sp/><sp/><sp/><sp/><sp/><sp/><sp/><sp/><sp/><sp/><sp/><sp/><sp/><sp/><sp/><sp/><ref refid="uarm__library_8cpp_1a090cc6fa82eb11487fd2c4a227f0b85c" kindref="member">uarm</ref>.<ref refid="classu_arm_class_1a22d74cb816204d1172428302837fab24" kindref="member">get_current_xyz</ref>();</highlight></codeline>
<codeline><highlight class="normal"><sp/><sp/><sp/><sp/><sp/><sp/><sp/><sp/><sp/><sp/><sp/><sp/><sp/><sp/><sp/><sp/><sp/><sp/><sp/><sp/><sp/><sp/><sp/><sp/>Serial.print(</highlight><highlight class="stringliteral">&quot;The<sp/>current<sp/>location<sp/>is<sp/>&quot;</highlight><highlight class="normal">);</highlight></codeline>
<codeline><highlight class="normal"><sp/><sp/><sp/><sp/><sp/><sp/><sp/><sp/><sp/><sp/><sp/><sp/><sp/><sp/><sp/><sp/><sp/><sp/><sp/><sp/><sp/><sp/><sp/><sp/>Serial.print(<ref refid="uarm__library_8cpp_1a090cc6fa82eb11487fd2c4a227f0b85c" kindref="member">uarm</ref>.<ref refid="classu_arm_class_1a58363626e97719a592d2d153e5a67b6d" kindref="member">get_current_x</ref>());</highlight></codeline>
<codeline><highlight class="normal"><sp/><sp/><sp/><sp/><sp/><sp/><sp/><sp/><sp/><sp/><sp/><sp/><sp/><sp/><sp/><sp/><sp/><sp/><sp/><sp/><sp/><sp/><sp/><sp/>Serial.print(</highlight><highlight class="stringliteral">&quot;<sp/>,<sp/>&quot;</highlight><highlight class="normal">);</highlight></codeline>
<codeline><highlight class="normal"><sp/><sp/><sp/><sp/><sp/><sp/><sp/><sp/><sp/><sp/><sp/><sp/><sp/><sp/><sp/><sp/><sp/><sp/><sp/><sp/><sp/><sp/><sp/><sp/>Serial.print(<ref refid="uarm__library_8cpp_1a090cc6fa82eb11487fd2c4a227f0b85c" kindref="member">uarm</ref>.<ref refid="classu_arm_class_1a526e7ccdc0f1b7673eb6a1f156dcfdad" kindref="member">get_current_y</ref>());</highlight></codeline>
<codeline><highlight class="normal"><sp/><sp/><sp/><sp/><sp/><sp/><sp/><sp/><sp/><sp/><sp/><sp/><sp/><sp/><sp/><sp/><sp/><sp/><sp/><sp/><sp/><sp/><sp/><sp/>Serial.print(</highlight><highlight class="stringliteral">&quot;<sp/>,<sp/>&quot;</highlight><highlight class="normal">);</highlight></codeline>
<codeline><highlight class="normal"><sp/><sp/><sp/><sp/><sp/><sp/><sp/><sp/><sp/><sp/><sp/><sp/><sp/><sp/><sp/><sp/><sp/><sp/><sp/><sp/><sp/><sp/><sp/><sp/>Serial.print(<ref refid="uarm__library_8cpp_1a090cc6fa82eb11487fd2c4a227f0b85c" kindref="member">uarm</ref>.<ref refid="classu_arm_class_1aa8754514697a06e60dd4be9b36b25101" kindref="member">get_current_z</ref>());</highlight></codeline>
<codeline><highlight class="normal"><sp/><sp/><sp/><sp/><sp/><sp/><sp/><sp/><sp/><sp/><sp/><sp/><sp/><sp/><sp/><sp/><sp/><sp/><sp/><sp/><sp/><sp/><sp/><sp/>Serial.println();</highlight></codeline>
<codeline><highlight class="normal"><sp/><sp/><sp/><sp/><sp/><sp/><sp/><sp/><sp/><sp/><sp/><sp/><sp/><sp/><sp/><sp/><sp/><sp/><sp/><sp/><sp/><sp/><sp/><sp/>delay(1000);</highlight></codeline>
<codeline><highlight class="normal"><sp/><sp/><sp/><sp/><sp/><sp/><sp/><sp/><sp/><sp/><sp/><sp/><sp/><sp/><sp/><sp/>}</highlight></codeline>
<codeline><highlight class="normal"><sp/><sp/><sp/><sp/><sp/><sp/><sp/><sp/><sp/><sp/><sp/><sp/><sp/><sp/><sp/><sp/></highlight><highlight class="comment">//----------------------------------<sp/><sp/>function<sp/>5<sp/><sp/>------------------------------------</highlight><highlight class="normal"></highlight></codeline>
<codeline><highlight class="normal"><sp/><sp/><sp/><sp/><sp/><sp/><sp/><sp/><sp/><sp/><sp/><sp/><sp/><sp/><sp/><sp/></highlight><highlight class="comment">//<sp/>function<sp/>below<sp/>is<sp/>for<sp/>read<sp/>servo<sp/>offset</highlight><highlight class="normal"></highlight></codeline>
<codeline><highlight class="normal"></highlight></codeline>
<codeline><highlight class="normal"><sp/><sp/><sp/><sp/><sp/><sp/><sp/><sp/><sp/><sp/><sp/><sp/><sp/><sp/><sp/><sp/></highlight><highlight class="keywordflow">if</highlight><highlight class="normal"><sp/>(readSerial<sp/>==<sp/></highlight><highlight class="charliteral">&apos;5&apos;</highlight><highlight class="normal">)<sp/>{</highlight></codeline>
<codeline><highlight class="normal"><sp/><sp/><sp/><sp/><sp/><sp/><sp/><sp/><sp/><sp/><sp/><sp/><sp/><sp/><sp/><sp/><sp/><sp/><sp/><sp/><sp/><sp/><sp/><sp/>Serial.print(</highlight><highlight class="stringliteral">&quot;SERVO_ROT_NUM<sp/>offset:&quot;</highlight><highlight class="normal">);</highlight></codeline>
<codeline><highlight class="normal"><sp/><sp/><sp/><sp/><sp/><sp/><sp/><sp/><sp/><sp/><sp/><sp/><sp/><sp/><sp/><sp/><sp/><sp/><sp/><sp/><sp/><sp/><sp/><sp/>Serial.println(<ref refid="uarm__library_8cpp_1a090cc6fa82eb11487fd2c4a227f0b85c" kindref="member">uarm</ref>.<ref refid="classu_arm_class_1ada41aed1523d78f47a70a896be0700e5" kindref="member">read_servo_offset</ref>(<ref refid="uarm__library_8h_1aedb0af3f18647ea800b5e7591f44fff5" kindref="member">SERVO_ROT_NUM</ref>));</highlight></codeline>
<codeline><highlight class="normal"><sp/><sp/><sp/><sp/><sp/><sp/><sp/><sp/><sp/><sp/><sp/><sp/><sp/><sp/><sp/><sp/><sp/><sp/><sp/><sp/><sp/><sp/><sp/><sp/>Serial.print(</highlight><highlight class="stringliteral">&quot;SERVO_LEFT_NUM<sp/>offset:&quot;</highlight><highlight class="normal">);</highlight></codeline>
<codeline><highlight class="normal"><sp/><sp/><sp/><sp/><sp/><sp/><sp/><sp/><sp/><sp/><sp/><sp/><sp/><sp/><sp/><sp/><sp/><sp/><sp/><sp/><sp/><sp/><sp/><sp/>Serial.println(<ref refid="uarm__library_8cpp_1a090cc6fa82eb11487fd2c4a227f0b85c" kindref="member">uarm</ref>.<ref refid="classu_arm_class_1ada41aed1523d78f47a70a896be0700e5" kindref="member">read_servo_offset</ref>(<ref refid="uarm__library_8h_1aad9c39f9a13fb794436e7f28a66ec957" kindref="member">SERVO_LEFT_NUM</ref>));</highlight></codeline>
<codeline><highlight class="normal"><sp/><sp/><sp/><sp/><sp/><sp/><sp/><sp/><sp/><sp/><sp/><sp/><sp/><sp/><sp/><sp/><sp/><sp/><sp/><sp/><sp/><sp/><sp/><sp/>Serial.print(</highlight><highlight class="stringliteral">&quot;SERVO_RIGHT_NUM<sp/>offset:&quot;</highlight><highlight class="normal">);</highlight></codeline>
<codeline><highlight class="normal"><sp/><sp/><sp/><sp/><sp/><sp/><sp/><sp/><sp/><sp/><sp/><sp/><sp/><sp/><sp/><sp/><sp/><sp/><sp/><sp/><sp/><sp/><sp/><sp/>Serial.println(<ref refid="uarm__library_8cpp_1a090cc6fa82eb11487fd2c4a227f0b85c" kindref="member">uarm</ref>.<ref refid="classu_arm_class_1ada41aed1523d78f47a70a896be0700e5" kindref="member">read_servo_offset</ref>(<ref refid="uarm__library_8h_1ad6c6879b0915a777fc2165e9e1b324a7" kindref="member">SERVO_RIGHT_NUM</ref>));</highlight></codeline>
<codeline><highlight class="normal"><sp/><sp/><sp/><sp/><sp/><sp/><sp/><sp/><sp/><sp/><sp/><sp/><sp/><sp/><sp/><sp/><sp/><sp/><sp/><sp/><sp/><sp/><sp/><sp/>Serial.print(</highlight><highlight class="stringliteral">&quot;SERVO_HAND_ROT_NUM<sp/>offset:&quot;</highlight><highlight class="normal">);</highlight></codeline>
<codeline><highlight class="normal"><sp/><sp/><sp/><sp/><sp/><sp/><sp/><sp/><sp/><sp/><sp/><sp/><sp/><sp/><sp/><sp/><sp/><sp/><sp/><sp/><sp/><sp/><sp/><sp/>Serial.println(<ref refid="uarm__library_8cpp_1a090cc6fa82eb11487fd2c4a227f0b85c" kindref="member">uarm</ref>.<ref refid="classu_arm_class_1ada41aed1523d78f47a70a896be0700e5" kindref="member">read_servo_offset</ref>(<ref refid="uarm__library_8h_1a21176f343ea2d7a582d08884193c07e9" kindref="member">SERVO_HAND_ROT_NUM</ref>));</highlight></codeline>
<codeline><highlight class="normal"><sp/><sp/><sp/><sp/><sp/><sp/><sp/><sp/><sp/><sp/><sp/><sp/><sp/><sp/><sp/><sp/>}</highlight></codeline>
<codeline><highlight class="normal"></highlight></codeline>
<codeline><highlight class="normal"></highlight></codeline>
<codeline><highlight class="normal"></highlight></codeline>
<codeline><highlight class="normal"><sp/><sp/><sp/><sp/><sp/><sp/><sp/><sp/>}<sp/></highlight><highlight class="comment">//<sp/>close<sp/>read<sp/>available</highlight><highlight class="normal"></highlight></codeline>
<codeline><highlight class="normal">}</highlight></codeline>
</programlisting> </para>    </detaileddescription>
  </compounddef>
</doxygen>
