<?xml version='1.0' encoding='UTF-8' standalone='no'?>
<doxygen xmlns:xsi="http://www.w3.org/2001/XMLSchema-instance" xsi:noNamespaceSchemaLocation="compound.xsd" version="1.8.11">
  <compounddef id="movement_8ino" kind="file" language="C++">
    <compoundname>movement.ino</compoundname>
    <includes refid="uarm__library_8h" local="no">uarm_library.h</includes>
    <incdepgraph>
      <node id="23">
        <label>UFServo.h</label>
        <link refid="_u_f_servo_8h"/>
        <childnode refid="24" relation="include">
        </childnode>
      </node>
      <node id="18">
        <label>/Users/alex/Workspace/develop/uarm_metal/uarm4arduino/examples/movement/movement.ino</label>
        <link refid="movement.ino"/>
        <childnode refid="19" relation="include">
        </childnode>
      </node>
      <node id="25">
        <label>linreg.h</label>
        <link refid="linreg_8h"/>
      </node>
      <node id="22">
        <label>Wire.h</label>
      </node>
      <node id="20">
        <label>Arduino.h</label>
      </node>
      <node id="19">
        <label>uarm_library.h</label>
        <link refid="uarm__library_8h"/>
        <childnode refid="20" relation="include">
        </childnode>
        <childnode refid="21" relation="include">
        </childnode>
        <childnode refid="22" relation="include">
        </childnode>
        <childnode refid="23" relation="include">
        </childnode>
        <childnode refid="25" relation="include">
        </childnode>
      </node>
      <node id="21">
        <label>EEPROM.h</label>
      </node>
      <node id="24">
        <label>inttypes.h</label>
      </node>
    </incdepgraph>
      <sectiondef kind="define">
      <memberdef kind="define" id="movement_8ino_1abcb599860d50fbf38db5888c9a518576" prot="public" static="no">
        <name>MOVEMENT</name>
        <initializer>0</initializer>
        <briefdescription>
        </briefdescription>
        <detaileddescription>
        </detaileddescription>
        <inbodydescription>
        </inbodydescription>
        <location file="/Users/alex/Workspace/develop/uarm_metal/uarm4arduino/examples/movement/movement.ino" line="14" column="9" bodyfile="/Users/alex/Workspace/develop/uarm_metal/uarm4arduino/examples/movement/movement.ino" bodystart="14" bodyend="-1"/>
      </memberdef>
      <memberdef kind="define" id="movement_8ino_1a94d5152c40b8a5c6332e80e55fa531fd" prot="public" static="no">
        <name>SERVO_CACHE</name>
        <initializer>1</initializer>
        <briefdescription>
        </briefdescription>
        <detaileddescription>
        </detaileddescription>
        <inbodydescription>
        </inbodydescription>
        <location file="/Users/alex/Workspace/develop/uarm_metal/uarm4arduino/examples/movement/movement.ino" line="15" column="9" bodyfile="/Users/alex/Workspace/develop/uarm_metal/uarm4arduino/examples/movement/movement.ino" bodystart="15" bodyend="-1"/>
      </memberdef>
      <memberdef kind="define" id="movement_8ino_1a2f4375365e1839c25ea765192240e71b" prot="public" static="no">
        <name>PATHING</name>
        <initializer>2</initializer>
        <briefdescription>
        </briefdescription>
        <detaileddescription>
        </detaileddescription>
        <inbodydescription>
        </inbodydescription>
        <location file="/Users/alex/Workspace/develop/uarm_metal/uarm4arduino/examples/movement/movement.ino" line="16" column="9" bodyfile="/Users/alex/Workspace/develop/uarm_metal/uarm4arduino/examples/movement/movement.ino" bodystart="16" bodyend="-1"/>
      </memberdef>
      <memberdef kind="define" id="movement_8ino_1af188976ed0117000861fa2703c9af277" prot="public" static="no">
        <name>EASING</name>
        <initializer>3</initializer>
        <briefdescription>
        </briefdescription>
        <detaileddescription>
        </detaileddescription>
        <inbodydescription>
        </inbodydescription>
        <location file="/Users/alex/Workspace/develop/uarm_metal/uarm4arduino/examples/movement/movement.ino" line="17" column="9" bodyfile="/Users/alex/Workspace/develop/uarm_metal/uarm4arduino/examples/movement/movement.ino" bodystart="17" bodyend="-1"/>
      </memberdef>
      <memberdef kind="define" id="movement_8ino_1ad9093b60d593b2c0c3f786b34fd5aca2" prot="public" static="no">
        <name>HAND_REL</name>
        <initializer>4</initializer>
        <briefdescription>
        </briefdescription>
        <detaileddescription>
        </detaileddescription>
        <inbodydescription>
        </inbodydescription>
        <location file="/Users/alex/Workspace/develop/uarm_metal/uarm4arduino/examples/movement/movement.ino" line="18" column="9" bodyfile="/Users/alex/Workspace/develop/uarm_metal/uarm4arduino/examples/movement/movement.ino" bodystart="18" bodyend="-1"/>
      </memberdef>
      </sectiondef>
      <sectiondef kind="var">
      <memberdef kind="variable" id="movement_8ino_1a6c486a2a8d047086343643e63f24061c" prot="public" static="no" mutable="no">
        <type>byte</type>
        <definition>byte state</definition>
        <argsstring></argsstring>
        <name>state</name>
        <briefdescription>
        </briefdescription>
        <detaileddescription>
        </detaileddescription>
        <inbodydescription>
        </inbodydescription>
        <location file="/Users/alex/Workspace/develop/uarm_metal/uarm4arduino/examples/movement/movement.ino" line="20" column="1" bodyfile="/Users/alex/Workspace/develop/uarm_metal/uarm4arduino/examples/movement/movement.ino" bodystart="20" bodyend="-1"/>
      </memberdef>
      </sectiondef>
      <sectiondef kind="func">
      <memberdef kind="function" id="movement_8ino_1a4fc01d736fe50cf5b977f755b675f11d" prot="public" static="no" const="no" explicit="no" inline="no" virt="non-virtual">
        <type>void</type>
        <definition>void setup</definition>
        <argsstring>()</argsstring>
        <name>setup</name>
        <briefdescription>
        </briefdescription>
        <detaileddescription>
        </detaileddescription>
        <inbodydescription>
        </inbodydescription>
        <location file="/Users/alex/Workspace/develop/uarm_metal/uarm4arduino/examples/movement/movement.ino" line="22" column="1" bodyfile="/Users/alex/Workspace/develop/uarm_metal/uarm4arduino/examples/movement/movement.ino" bodystart="22" bodyend="38"/>
      </memberdef>
      <memberdef kind="function" id="movement_8ino_1afe461d27b9c48d5921c00d521181f12f" prot="public" static="no" const="no" explicit="no" inline="no" virt="non-virtual">
        <type>void</type>
        <definition>void loop</definition>
        <argsstring>()</argsstring>
        <name>loop</name>
        <briefdescription>
        </briefdescription>
        <detaileddescription>
        </detaileddescription>
        <inbodydescription>
        </inbodydescription>
        <location file="/Users/alex/Workspace/develop/uarm_metal/uarm4arduino/examples/movement/movement.ino" line="40" column="1" bodyfile="/Users/alex/Workspace/develop/uarm_metal/uarm4arduino/examples/movement/movement.ino" bodystart="40" bodyend="103"/>
      </memberdef>
      <memberdef kind="function" id="movement_8ino_1a755ddb4acddbb801dbfd25d7a0c28f1c" prot="public" static="no" const="no" explicit="no" inline="no" virt="non-virtual">
        <type>void</type>
        <definition>void change_state</definition>
        <argsstring>(byte new_state)</argsstring>
        <name>change_state</name>
        <param>
          <type>byte</type>
          <declname>new_state</declname>
        </param>
        <briefdescription>
        </briefdescription>
        <detaileddescription>
        </detaileddescription>
        <inbodydescription>
        </inbodydescription>
        <location file="/Users/alex/Workspace/develop/uarm_metal/uarm4arduino/examples/movement/movement.ino" line="105" column="1" bodyfile="/Users/alex/Workspace/develop/uarm_metal/uarm4arduino/examples/movement/movement.ino" bodystart="105" bodyend="149"/>
      </memberdef>
      <memberdef kind="function" id="movement_8ino_1a192c64af840f3e562cec37c58b3d5781" prot="public" static="no" const="no" explicit="no" inline="no" virt="non-virtual">
        <type>void</type>
        <definition>void alert</definition>
        <argsstring>(byte beeps)</argsstring>
        <name>alert</name>
        <param>
          <type>byte</type>
          <declname>beeps</declname>
        </param>
        <briefdescription>
        </briefdescription>
        <detaileddescription>
        </detaileddescription>
        <inbodydescription>
        </inbodydescription>
        <location file="/Users/alex/Workspace/develop/uarm_metal/uarm4arduino/examples/movement/movement.ino" line="151" column="1" bodyfile="/Users/alex/Workspace/develop/uarm_metal/uarm4arduino/examples/movement/movement.ino" bodystart="151" bodyend="153"/>
      </memberdef>
      <memberdef kind="function" id="movement_8ino_1a0cae8a1cd160421d6cc2e6fb7b91dcf3" prot="public" static="no" const="no" explicit="no" inline="no" virt="non-virtual">
        <type>void</type>
        <definition>void move_home_position</definition>
        <argsstring>(float time)</argsstring>
        <name>move_home_position</name>
        <param>
          <type>float</type>
          <declname>time</declname>
        </param>
        <briefdescription>
        </briefdescription>
        <detaileddescription>
        </detaileddescription>
        <inbodydescription>
        </inbodydescription>
        <location file="/Users/alex/Workspace/develop/uarm_metal/uarm4arduino/examples/movement/movement.ino" line="155" column="1" bodyfile="/Users/alex/Workspace/develop/uarm_metal/uarm4arduino/examples/movement/movement.ino" bodystart="155" bodyend="157"/>
      </memberdef>
      <memberdef kind="function" id="movement_8ino_1ab3bebb37d92b03753ff136c0f20d0dfb" prot="public" static="no" const="no" explicit="no" inline="no" virt="non-virtual">
        <type>void</type>
        <definition>void many_xyz_start_points</definition>
        <argsstring>(bool recalc_servos)</argsstring>
        <name>many_xyz_start_points</name>
        <param>
          <type>bool</type>
          <declname>recalc_servos</declname>
        </param>
        <briefdescription>
        </briefdescription>
        <detaileddescription>
        </detaileddescription>
        <inbodydescription>
        </inbodydescription>
        <location file="/Users/alex/Workspace/develop/uarm_metal/uarm4arduino/examples/movement/movement.ino" line="159" column="1" bodyfile="/Users/alex/Workspace/develop/uarm_metal/uarm4arduino/examples/movement/movement.ino" bodystart="159" bodyend="190"/>
      </memberdef>
      <memberdef kind="function" id="movement_8ino_1a0ef3fd0ec2e4c318be6a9dc1ce2c7ec4" prot="public" static="no" const="no" explicit="no" inline="no" virt="non-virtual">
        <type>void</type>
        <definition>void path_moves</definition>
        <argsstring>(byte path_type)</argsstring>
        <name>path_moves</name>
        <param>
          <type>byte</type>
          <declname>path_type</declname>
        </param>
        <briefdescription>
        </briefdescription>
        <detaileddescription>
        </detaileddescription>
        <inbodydescription>
        </inbodydescription>
        <location file="/Users/alex/Workspace/develop/uarm_metal/uarm4arduino/examples/movement/movement.ino" line="192" column="1" bodyfile="/Users/alex/Workspace/develop/uarm_metal/uarm4arduino/examples/movement/movement.ino" bodystart="192" bodyend="204"/>
      </memberdef>
      <memberdef kind="function" id="movement_8ino_1a85ce124ce06d822ad2e2a8117ebb0d46" prot="public" static="no" const="no" explicit="no" inline="no" virt="non-virtual">
        <type>void</type>
        <definition>void ease_moves</definition>
        <argsstring>(byte ease_type)</argsstring>
        <name>ease_moves</name>
        <param>
          <type>byte</type>
          <declname>ease_type</declname>
        </param>
        <briefdescription>
        </briefdescription>
        <detaileddescription>
        </detaileddescription>
        <inbodydescription>
        </inbodydescription>
        <location file="/Users/alex/Workspace/develop/uarm_metal/uarm4arduino/examples/movement/movement.ino" line="206" column="1" bodyfile="/Users/alex/Workspace/develop/uarm_metal/uarm4arduino/examples/movement/movement.ino" bodystart="206" bodyend="218"/>
      </memberdef>
      <memberdef kind="function" id="movement_8ino_1ab6ed991b45d878d99f0f0d3a39ed6fe2" prot="public" static="no" const="no" explicit="no" inline="no" virt="non-virtual">
        <type>void</type>
        <definition>void hand_moves</definition>
        <argsstring>(byte relative)</argsstring>
        <name>hand_moves</name>
        <param>
          <type>byte</type>
          <declname>relative</declname>
        </param>
        <briefdescription>
        </briefdescription>
        <detaileddescription>
        </detaileddescription>
        <inbodydescription>
        </inbodydescription>
        <location file="/Users/alex/Workspace/develop/uarm_metal/uarm4arduino/examples/movement/movement.ino" line="220" column="1" bodyfile="/Users/alex/Workspace/develop/uarm_metal/uarm4arduino/examples/movement/movement.ino" bodystart="220" bodyend="233"/>
      </memberdef>
      <memberdef kind="function" id="movement_8ino_1a4818475d363f53dfe931ed86686ab494" prot="public" static="no" const="no" explicit="no" inline="no" virt="non-virtual">
        <type>void</type>
        <definition>void detach_all_servos</definition>
        <argsstring>()</argsstring>
        <name>detach_all_servos</name>
        <briefdescription>
        </briefdescription>
        <detaileddescription>
        </detaileddescription>
        <inbodydescription>
        </inbodydescription>
        <location file="/Users/alex/Workspace/develop/uarm_metal/uarm4arduino/examples/movement/movement.ino" line="235" column="1" bodyfile="/Users/alex/Workspace/develop/uarm_metal/uarm4arduino/examples/movement/movement.ino" bodystart="235" bodyend="241"/>
      </memberdef>
      <memberdef kind="function" id="movement_8ino_1a19c6055dde4e672e5753aaa16efd7b69" prot="public" static="no" const="no" explicit="no" inline="no" virt="non-virtual">
        <type>void</type>
        <definition>void attach_all_servos</definition>
        <argsstring>()</argsstring>
        <name>attach_all_servos</name>
        <briefdescription>
        </briefdescription>
        <detaileddescription>
        </detaileddescription>
        <inbodydescription>
        </inbodydescription>
        <location file="/Users/alex/Workspace/develop/uarm_metal/uarm4arduino/examples/movement/movement.ino" line="243" column="1" bodyfile="/Users/alex/Workspace/develop/uarm_metal/uarm4arduino/examples/movement/movement.ino" bodystart="243" bodyend="249"/>
      </memberdef>
      </sectiondef>
    <briefdescription>
<para>movement Arduino Sketch </para>    </briefdescription>
    <detaileddescription>
<para><simplesect kind="author"><para>Dave Corboy  Alex Tan  GNU </para></simplesect>
<simplesect kind="copyright"><para>(c) 2016 UFactory Team. All right reserved </para></simplesect>
</para>    </detaileddescription>
    <programlisting>
<codeline lineno="1"></codeline>
<codeline lineno="11"><highlight class="preprocessor">#include<sp/>&lt;<ref refid="uarm__library_8h" kindref="compound">uarm_library.h</ref>&gt;</highlight><highlight class="normal"></highlight></codeline>
<codeline lineno="12"><highlight class="normal"></highlight></codeline>
<codeline lineno="13"><highlight class="normal"></highlight><highlight class="comment">//<sp/>states</highlight><highlight class="normal"></highlight></codeline>
<codeline lineno="14"><highlight class="normal"></highlight><highlight class="preprocessor">#define<sp/>MOVEMENT<sp/><sp/><sp/><sp/><sp/>0</highlight><highlight class="normal"></highlight></codeline>
<codeline lineno="15"><highlight class="normal"></highlight><highlight class="preprocessor">#define<sp/>SERVO_CACHE<sp/><sp/>1</highlight><highlight class="normal"></highlight></codeline>
<codeline lineno="16"><highlight class="normal"></highlight><highlight class="preprocessor">#define<sp/>PATHING<sp/><sp/><sp/><sp/><sp/><sp/>2</highlight><highlight class="normal"></highlight></codeline>
<codeline lineno="17"><highlight class="normal"></highlight><highlight class="preprocessor">#define<sp/>EASING<sp/><sp/><sp/><sp/><sp/><sp/><sp/>3</highlight><highlight class="normal"></highlight></codeline>
<codeline lineno="18"><highlight class="normal"></highlight><highlight class="preprocessor">#define<sp/>HAND_REL<sp/><sp/><sp/><sp/><sp/>4</highlight><highlight class="normal"></highlight></codeline>
<codeline lineno="19"><highlight class="normal"></highlight></codeline>
<codeline lineno="20"><highlight class="normal">byte<sp/><ref refid="movement_8ino_1a6c486a2a8d047086343643e63f24061c" kindref="member">state</ref>;</highlight></codeline>
<codeline lineno="21"><highlight class="normal"></highlight></codeline>
<codeline lineno="22"><highlight class="normal"></highlight><highlight class="keywordtype">void</highlight><highlight class="normal"><sp/><ref refid="movement_8ino_1a4fc01d736fe50cf5b977f755b675f11d" kindref="member">setup</ref>()<sp/>{</highlight></codeline>
<codeline lineno="23"><highlight class="normal"><sp/><sp/><sp/><sp/><sp/><sp/><sp/><sp/>Wire.begin();<sp/><sp/></highlight><highlight class="comment">//<sp/>join<sp/>i2c<sp/>bus<sp/>(address<sp/>optional<sp/>for<sp/>master)</highlight><highlight class="normal"></highlight></codeline>
<codeline lineno="24"><highlight class="normal"><sp/><sp/><sp/><sp/><sp/><sp/><sp/><sp/>Serial.begin(9600);<sp/></highlight><highlight class="comment">//<sp/>start<sp/>serial<sp/>port<sp/>at<sp/>9600<sp/>bps</highlight><highlight class="normal"></highlight></codeline>
<codeline lineno="25"><highlight class="normal"></highlight></codeline>
<codeline lineno="26"><highlight class="normal"><sp/><sp/><sp/><sp/><sp/><sp/><sp/><sp/></highlight><highlight class="comment">//<sp/>uArm<sp/>init</highlight><highlight class="normal"></highlight></codeline>
<codeline lineno="27"><highlight class="normal"><sp/><sp/><sp/><sp/><sp/><sp/><sp/><sp/><ref refid="movement_8ino_1a19c6055dde4e672e5753aaa16efd7b69" kindref="member">attach_all_servos</ref>();</highlight></codeline>
<codeline lineno="28"><highlight class="normal"><sp/><sp/><sp/><sp/><sp/><sp/><sp/><sp/></highlight><highlight class="comment">//<sp/>pinMode(STOPPER,<sp/>INPUT_PULLUP);<sp/><sp/>digitalWrite(STOPPER,<sp/>HIGH);</highlight><highlight class="normal"></highlight></codeline>
<codeline lineno="29"><highlight class="normal"><sp/><sp/><sp/><sp/><sp/><sp/><sp/><sp/></highlight><highlight class="comment">//<sp/>pinMode(BTN_D4,<sp/><sp/><sp/>INPUT_PULLUP);<sp/><sp/>digitalWrite(BTN_D4,<sp/><sp/><sp/>HIGH);</highlight><highlight class="normal"></highlight></codeline>
<codeline lineno="30"><highlight class="normal"><sp/><sp/><sp/><sp/><sp/><sp/><sp/><sp/></highlight><highlight class="comment">//<sp/>pinMode(BTN_D7,<sp/><sp/><sp/>INPUT_PULLUP);<sp/><sp/>digitalWrite(BTN_D7,<sp/><sp/><sp/>HIGH);</highlight><highlight class="normal"></highlight></codeline>
<codeline lineno="31"><highlight class="normal"><sp/><sp/><sp/><sp/><sp/><sp/><sp/><sp/></highlight><highlight class="comment">//<sp/>pinMode(BUZZER,<sp/><sp/><sp/>OUTPUT);<sp/>digitalWrite(BUZZER,<sp/><sp/><sp/>LOW);</highlight><highlight class="normal"></highlight></codeline>
<codeline lineno="32"><highlight class="normal"><sp/><sp/><sp/><sp/><sp/><sp/><sp/><sp/></highlight><highlight class="comment">//<sp/>pinMode(PUMP_EN,<sp/><sp/>OUTPUT);<sp/>digitalWrite(PUMP_EN,<sp/><sp/>LOW);</highlight><highlight class="normal"></highlight></codeline>
<codeline lineno="33"><highlight class="normal"><sp/><sp/><sp/><sp/><sp/><sp/><sp/><sp/></highlight><highlight class="comment">//<sp/>pinMode(VALVE_EN,<sp/>OUTPUT);<sp/>digitalWrite(VALVE_EN,<sp/>LOW);</highlight><highlight class="normal"></highlight></codeline>
<codeline lineno="34"><highlight class="normal"><sp/><sp/><sp/><sp/><sp/><sp/><sp/><sp/></highlight><highlight class="comment">//<sp/>uArm<sp/>init</highlight><highlight class="normal"></highlight></codeline>
<codeline lineno="35"><highlight class="normal"></highlight></codeline>
<codeline lineno="36"><highlight class="normal"><sp/><sp/><sp/><sp/><sp/><sp/><sp/><sp/><ref refid="movement_8ino_1a192c64af840f3e562cec37c58b3d5781" kindref="member">alert</ref>(2);</highlight></codeline>
<codeline lineno="37"><highlight class="normal"><sp/><sp/><sp/><sp/><sp/><sp/><sp/><sp/><ref refid="movement_8ino_1a755ddb4acddbb801dbfd25d7a0c28f1c" kindref="member">change_state</ref>(<ref refid="movement_8ino_1abcb599860d50fbf38db5888c9a518576" kindref="member">MOVEMENT</ref>);</highlight></codeline>
<codeline lineno="38"><highlight class="normal">}</highlight></codeline>
<codeline lineno="39"><highlight class="normal"></highlight></codeline>
<codeline lineno="40"><highlight class="normal"></highlight><highlight class="keywordtype">void</highlight><highlight class="normal"><sp/><ref refid="movement_8ino_1afe461d27b9c48d5921c00d521181f12f" kindref="member">loop</ref>()<sp/>{</highlight></codeline>
<codeline lineno="41"><highlight class="normal"><sp/><sp/><sp/><sp/><sp/><sp/><sp/><sp/></highlight><highlight class="keywordflow">if</highlight><highlight class="normal"><sp/>(Serial.available()<sp/>&gt;<sp/>0)<sp/>{</highlight></codeline>
<codeline lineno="42"><highlight class="normal"><sp/><sp/><sp/><sp/><sp/><sp/><sp/><sp/><sp/><sp/><sp/><sp/><sp/><sp/><sp/><sp/>byte<sp/>input<sp/>=<sp/>Serial.read();</highlight></codeline>
<codeline lineno="43"><highlight class="normal"><sp/><sp/><sp/><sp/><sp/><sp/><sp/><sp/><sp/><sp/><sp/><sp/><sp/><sp/><sp/><sp/></highlight><highlight class="keywordflow">switch</highlight><highlight class="normal"><sp/>(<ref refid="movement_8ino_1a6c486a2a8d047086343643e63f24061c" kindref="member">state</ref>)<sp/>{</highlight></codeline>
<codeline lineno="44"><highlight class="normal"><sp/><sp/><sp/><sp/><sp/><sp/><sp/><sp/><sp/><sp/><sp/><sp/><sp/><sp/><sp/><sp/></highlight><highlight class="keywordflow">case</highlight><highlight class="normal"><sp/><ref refid="movement_8ino_1abcb599860d50fbf38db5888c9a518576" kindref="member">MOVEMENT</ref>:</highlight></codeline>
<codeline lineno="45"><highlight class="normal"><sp/><sp/><sp/><sp/><sp/><sp/><sp/><sp/><sp/><sp/><sp/><sp/><sp/><sp/><sp/><sp/><sp/><sp/><sp/><sp/><sp/><sp/><sp/><sp/></highlight><highlight class="keywordflow">if</highlight><highlight class="normal"><sp/>(input<sp/>==<sp/></highlight><highlight class="charliteral">&apos;s&apos;</highlight><highlight class="normal">)<sp/>{</highlight></codeline>
<codeline lineno="46"><highlight class="normal"><sp/><sp/><sp/><sp/><sp/><sp/><sp/><sp/><sp/><sp/><sp/><sp/><sp/><sp/><sp/><sp/><sp/><sp/><sp/><sp/><sp/><sp/><sp/><sp/><sp/><sp/><sp/><sp/><sp/><sp/><sp/><sp/><ref refid="movement_8ino_1a755ddb4acddbb801dbfd25d7a0c28f1c" kindref="member">change_state</ref>(<ref refid="movement_8ino_1a94d5152c40b8a5c6332e80e55fa531fd" kindref="member">SERVO_CACHE</ref>);</highlight></codeline>
<codeline lineno="47"><highlight class="normal"><sp/><sp/><sp/><sp/><sp/><sp/><sp/><sp/><sp/><sp/><sp/><sp/><sp/><sp/><sp/><sp/><sp/><sp/><sp/><sp/><sp/><sp/><sp/><sp/>}<sp/></highlight><highlight class="keywordflow">else</highlight><highlight class="normal"><sp/></highlight><highlight class="keywordflow">if</highlight><highlight class="normal"><sp/>(input<sp/>==<sp/></highlight><highlight class="charliteral">&apos;p&apos;</highlight><highlight class="normal">)<sp/>{</highlight></codeline>
<codeline lineno="48"><highlight class="normal"><sp/><sp/><sp/><sp/><sp/><sp/><sp/><sp/><sp/><sp/><sp/><sp/><sp/><sp/><sp/><sp/><sp/><sp/><sp/><sp/><sp/><sp/><sp/><sp/><sp/><sp/><sp/><sp/><sp/><sp/><sp/><sp/><ref refid="movement_8ino_1a755ddb4acddbb801dbfd25d7a0c28f1c" kindref="member">change_state</ref>(<ref refid="movement_8ino_1a2f4375365e1839c25ea765192240e71b" kindref="member">PATHING</ref>);</highlight></codeline>
<codeline lineno="49"><highlight class="normal"><sp/><sp/><sp/><sp/><sp/><sp/><sp/><sp/><sp/><sp/><sp/><sp/><sp/><sp/><sp/><sp/><sp/><sp/><sp/><sp/><sp/><sp/><sp/><sp/>}<sp/></highlight><highlight class="keywordflow">else</highlight><highlight class="normal"><sp/></highlight><highlight class="keywordflow">if</highlight><highlight class="normal"><sp/>(input<sp/>==<sp/></highlight><highlight class="charliteral">&apos;e&apos;</highlight><highlight class="normal">)<sp/>{</highlight></codeline>
<codeline lineno="50"><highlight class="normal"><sp/><sp/><sp/><sp/><sp/><sp/><sp/><sp/><sp/><sp/><sp/><sp/><sp/><sp/><sp/><sp/><sp/><sp/><sp/><sp/><sp/><sp/><sp/><sp/><sp/><sp/><sp/><sp/><sp/><sp/><sp/><sp/><ref refid="movement_8ino_1a755ddb4acddbb801dbfd25d7a0c28f1c" kindref="member">change_state</ref>(<ref refid="movement_8ino_1af188976ed0117000861fa2703c9af277" kindref="member">EASING</ref>);</highlight></codeline>
<codeline lineno="51"><highlight class="normal"><sp/><sp/><sp/><sp/><sp/><sp/><sp/><sp/><sp/><sp/><sp/><sp/><sp/><sp/><sp/><sp/><sp/><sp/><sp/><sp/><sp/><sp/><sp/><sp/>}<sp/></highlight><highlight class="keywordflow">else</highlight><highlight class="normal"><sp/></highlight><highlight class="keywordflow">if</highlight><highlight class="normal"><sp/>(input<sp/>==<sp/></highlight><highlight class="charliteral">&apos;h&apos;</highlight><highlight class="normal">)<sp/>{</highlight></codeline>
<codeline lineno="52"><highlight class="normal"><sp/><sp/><sp/><sp/><sp/><sp/><sp/><sp/><sp/><sp/><sp/><sp/><sp/><sp/><sp/><sp/><sp/><sp/><sp/><sp/><sp/><sp/><sp/><sp/><sp/><sp/><sp/><sp/><sp/><sp/><sp/><sp/><ref refid="movement_8ino_1a755ddb4acddbb801dbfd25d7a0c28f1c" kindref="member">change_state</ref>(<ref refid="movement_8ino_1ad9093b60d593b2c0c3f786b34fd5aca2" kindref="member">HAND_REL</ref>);</highlight></codeline>
<codeline lineno="53"><highlight class="normal"><sp/><sp/><sp/><sp/><sp/><sp/><sp/><sp/><sp/><sp/><sp/><sp/><sp/><sp/><sp/><sp/><sp/><sp/><sp/><sp/><sp/><sp/><sp/><sp/>}</highlight></codeline>
<codeline lineno="54"><highlight class="normal"><sp/><sp/><sp/><sp/><sp/><sp/><sp/><sp/><sp/><sp/><sp/><sp/><sp/><sp/><sp/><sp/><sp/><sp/><sp/><sp/><sp/><sp/><sp/><sp/></highlight><highlight class="keywordflow">break</highlight><highlight class="normal">;</highlight></codeline>
<codeline lineno="55"><highlight class="normal"><sp/><sp/><sp/><sp/><sp/><sp/><sp/><sp/><sp/><sp/><sp/><sp/><sp/><sp/><sp/><sp/></highlight><highlight class="keywordflow">case</highlight><highlight class="normal"><sp/><ref refid="movement_8ino_1a94d5152c40b8a5c6332e80e55fa531fd" kindref="member">SERVO_CACHE</ref>:</highlight></codeline>
<codeline lineno="56"><highlight class="normal"><sp/><sp/><sp/><sp/><sp/><sp/><sp/><sp/><sp/><sp/><sp/><sp/><sp/><sp/><sp/><sp/><sp/><sp/><sp/><sp/><sp/><sp/><sp/><sp/></highlight><highlight class="keywordflow">if</highlight><highlight class="normal"><sp/>(input<sp/>==<sp/></highlight><highlight class="charliteral">&apos;q&apos;</highlight><highlight class="normal">)<sp/>{</highlight></codeline>
<codeline lineno="57"><highlight class="normal"><sp/><sp/><sp/><sp/><sp/><sp/><sp/><sp/><sp/><sp/><sp/><sp/><sp/><sp/><sp/><sp/><sp/><sp/><sp/><sp/><sp/><sp/><sp/><sp/><sp/><sp/><sp/><sp/><sp/><sp/><sp/><sp/><ref refid="movement_8ino_1a755ddb4acddbb801dbfd25d7a0c28f1c" kindref="member">change_state</ref>(<ref refid="movement_8ino_1abcb599860d50fbf38db5888c9a518576" kindref="member">MOVEMENT</ref>);</highlight></codeline>
<codeline lineno="58"><highlight class="normal"><sp/><sp/><sp/><sp/><sp/><sp/><sp/><sp/><sp/><sp/><sp/><sp/><sp/><sp/><sp/><sp/><sp/><sp/><sp/><sp/><sp/><sp/><sp/><sp/>}<sp/></highlight><highlight class="keywordflow">else</highlight><highlight class="normal"><sp/></highlight><highlight class="keywordflow">if</highlight><highlight class="normal"><sp/>(input<sp/>==<sp/></highlight><highlight class="charliteral">&apos;b&apos;</highlight><highlight class="normal">)<sp/>{</highlight></codeline>
<codeline lineno="59"><highlight class="normal"><sp/><sp/><sp/><sp/><sp/><sp/><sp/><sp/><sp/><sp/><sp/><sp/><sp/><sp/><sp/><sp/><sp/><sp/><sp/><sp/><sp/><sp/><sp/><sp/><sp/><sp/><sp/><sp/><sp/><sp/><sp/><sp/></highlight><highlight class="comment">//<sp/>detaching<sp/>the<sp/>servos<sp/>after<sp/>each<sp/>move<sp/>forces<sp/>the<sp/>cache<sp/>to<sp/>be<sp/>recalculated,<sp/>generating<sp/>the<sp/>errors</highlight><highlight class="normal"></highlight></codeline>
<codeline lineno="60"><highlight class="normal"><sp/><sp/><sp/><sp/><sp/><sp/><sp/><sp/><sp/><sp/><sp/><sp/><sp/><sp/><sp/><sp/><sp/><sp/><sp/><sp/><sp/><sp/><sp/><sp/><sp/><sp/><sp/><sp/><sp/><sp/><sp/><sp/><ref refid="movement_8ino_1ab3bebb37d92b03753ff136c0f20d0dfb" kindref="member">many_xyz_start_points</ref>(</highlight><highlight class="keyword">true</highlight><highlight class="normal">);</highlight></codeline>
<codeline lineno="61"><highlight class="normal"><sp/><sp/><sp/><sp/><sp/><sp/><sp/><sp/><sp/><sp/><sp/><sp/><sp/><sp/><sp/><sp/><sp/><sp/><sp/><sp/><sp/><sp/><sp/><sp/><sp/><sp/><sp/><sp/><sp/><sp/><sp/><sp/><ref refid="movement_8ino_1a0cae8a1cd160421d6cc2e6fb7b91dcf3" kindref="member">move_home_position</ref>(.5);</highlight></codeline>
<codeline lineno="62"><highlight class="normal"><sp/><sp/><sp/><sp/><sp/><sp/><sp/><sp/><sp/><sp/><sp/><sp/><sp/><sp/><sp/><sp/><sp/><sp/><sp/><sp/><sp/><sp/><sp/><sp/>}<sp/></highlight><highlight class="keywordflow">else</highlight><highlight class="normal"><sp/></highlight><highlight class="keywordflow">if</highlight><highlight class="normal"><sp/>(input<sp/>==<sp/></highlight><highlight class="charliteral">&apos;a&apos;</highlight><highlight class="normal">)<sp/>{</highlight></codeline>
<codeline lineno="63"><highlight class="normal"><sp/><sp/><sp/><sp/><sp/><sp/><sp/><sp/><sp/><sp/><sp/><sp/><sp/><sp/><sp/><sp/><sp/><sp/><sp/><sp/><sp/><sp/><sp/><sp/><sp/><sp/><sp/><sp/><sp/><sp/><sp/><sp/></highlight><highlight class="comment">//<sp/>without<sp/>detaching,<sp/>the<sp/>servo<sp/>angle<sp/>cache<sp/>remains<sp/>in<sp/>place<sp/>and<sp/>initial<sp/>movement<sp/>has<sp/>less<sp/>jitter</highlight><highlight class="normal"></highlight></codeline>
<codeline lineno="64"><highlight class="normal"><sp/><sp/><sp/><sp/><sp/><sp/><sp/><sp/><sp/><sp/><sp/><sp/><sp/><sp/><sp/><sp/><sp/><sp/><sp/><sp/><sp/><sp/><sp/><sp/><sp/><sp/><sp/><sp/><sp/><sp/><sp/><sp/><ref refid="movement_8ino_1ab3bebb37d92b03753ff136c0f20d0dfb" kindref="member">many_xyz_start_points</ref>(</highlight><highlight class="keyword">false</highlight><highlight class="normal">);</highlight></codeline>
<codeline lineno="65"><highlight class="normal"><sp/><sp/><sp/><sp/><sp/><sp/><sp/><sp/><sp/><sp/><sp/><sp/><sp/><sp/><sp/><sp/><sp/><sp/><sp/><sp/><sp/><sp/><sp/><sp/><sp/><sp/><sp/><sp/><sp/><sp/><sp/><sp/><ref refid="movement_8ino_1a0cae8a1cd160421d6cc2e6fb7b91dcf3" kindref="member">move_home_position</ref>(.5);</highlight></codeline>
<codeline lineno="66"><highlight class="normal"><sp/><sp/><sp/><sp/><sp/><sp/><sp/><sp/><sp/><sp/><sp/><sp/><sp/><sp/><sp/><sp/><sp/><sp/><sp/><sp/><sp/><sp/><sp/><sp/>}</highlight></codeline>
<codeline lineno="67"><highlight class="normal"><sp/><sp/><sp/><sp/><sp/><sp/><sp/><sp/><sp/><sp/><sp/><sp/><sp/><sp/><sp/><sp/><sp/><sp/><sp/><sp/><sp/><sp/><sp/><sp/></highlight><highlight class="keywordflow">break</highlight><highlight class="normal">;</highlight></codeline>
<codeline lineno="68"><highlight class="normal"><sp/><sp/><sp/><sp/><sp/><sp/><sp/><sp/><sp/><sp/><sp/><sp/><sp/><sp/><sp/><sp/></highlight><highlight class="keywordflow">case</highlight><highlight class="normal"><sp/><ref refid="movement_8ino_1a2f4375365e1839c25ea765192240e71b" kindref="member">PATHING</ref>:</highlight></codeline>
<codeline lineno="69"><highlight class="normal"><sp/><sp/><sp/><sp/><sp/><sp/><sp/><sp/><sp/><sp/><sp/><sp/><sp/><sp/><sp/><sp/><sp/><sp/><sp/><sp/><sp/><sp/><sp/><sp/></highlight><highlight class="keywordflow">if</highlight><highlight class="normal"><sp/>(input<sp/>==<sp/></highlight><highlight class="charliteral">&apos;q&apos;</highlight><highlight class="normal">)<sp/>{</highlight></codeline>
<codeline lineno="70"><highlight class="normal"><sp/><sp/><sp/><sp/><sp/><sp/><sp/><sp/><sp/><sp/><sp/><sp/><sp/><sp/><sp/><sp/><sp/><sp/><sp/><sp/><sp/><sp/><sp/><sp/><sp/><sp/><sp/><sp/><sp/><sp/><sp/><sp/><ref refid="movement_8ino_1a755ddb4acddbb801dbfd25d7a0c28f1c" kindref="member">change_state</ref>(<ref refid="movement_8ino_1abcb599860d50fbf38db5888c9a518576" kindref="member">MOVEMENT</ref>);</highlight></codeline>
<codeline lineno="71"><highlight class="normal"><sp/><sp/><sp/><sp/><sp/><sp/><sp/><sp/><sp/><sp/><sp/><sp/><sp/><sp/><sp/><sp/><sp/><sp/><sp/><sp/><sp/><sp/><sp/><sp/>}<sp/></highlight><highlight class="keywordflow">else</highlight><highlight class="normal"><sp/></highlight><highlight class="keywordflow">if</highlight><highlight class="normal"><sp/>(input<sp/>==<sp/></highlight><highlight class="charliteral">&apos;l&apos;</highlight><highlight class="normal">)<sp/>{</highlight></codeline>
<codeline lineno="72"><highlight class="normal"><sp/><sp/><sp/><sp/><sp/><sp/><sp/><sp/><sp/><sp/><sp/><sp/><sp/><sp/><sp/><sp/><sp/><sp/><sp/><sp/><sp/><sp/><sp/><sp/><sp/><sp/><sp/><sp/><sp/><sp/><sp/><sp/><ref refid="movement_8ino_1a0ef3fd0ec2e4c318be6a9dc1ce2c7ec4" kindref="member">path_moves</ref>(<ref refid="uarm__library_8h_1a6083fffc7be867db36056d344c4ca57f" kindref="member">PATH_LINEAR</ref>);<sp/></highlight><highlight class="comment">//<sp/>PATH_LINEAR<sp/>creates<sp/>a<sp/>linear<sp/>path<sp/>between<sp/>the<sp/>start<sp/>end<sp/>and<sp/>point</highlight><highlight class="normal"></highlight></codeline>
<codeline lineno="73"><highlight class="normal"><sp/><sp/><sp/><sp/><sp/><sp/><sp/><sp/><sp/><sp/><sp/><sp/><sp/><sp/><sp/><sp/><sp/><sp/><sp/><sp/><sp/><sp/><sp/><sp/>}<sp/></highlight><highlight class="keywordflow">else</highlight><highlight class="normal"><sp/></highlight><highlight class="keywordflow">if</highlight><highlight class="normal"><sp/>(input<sp/>==<sp/></highlight><highlight class="charliteral">&apos;a&apos;</highlight><highlight class="normal">)<sp/>{</highlight></codeline>
<codeline lineno="74"><highlight class="normal"><sp/><sp/><sp/><sp/><sp/><sp/><sp/><sp/><sp/><sp/><sp/><sp/><sp/><sp/><sp/><sp/><sp/><sp/><sp/><sp/><sp/><sp/><sp/><sp/><sp/><sp/><sp/><sp/><sp/><sp/><sp/><sp/><ref refid="movement_8ino_1a0ef3fd0ec2e4c318be6a9dc1ce2c7ec4" kindref="member">path_moves</ref>(<ref refid="uarm__library_8h_1a970bf6c4bc05d857cb09ca7f14d3c396" kindref="member">PATH_ANGLES</ref>);<sp/></highlight><highlight class="comment">//<sp/>PATH_ANGLES<sp/>instead<sp/>interpolates<sp/>the<sp/>start<sp/>and<sp/>ending<sp/>servos<sp/>positions</highlight><highlight class="normal"></highlight></codeline>
<codeline lineno="75"><highlight class="normal"><sp/><sp/><sp/><sp/><sp/><sp/><sp/><sp/><sp/><sp/><sp/><sp/><sp/><sp/><sp/><sp/><sp/><sp/><sp/><sp/><sp/><sp/><sp/><sp/>}</highlight></codeline>
<codeline lineno="76"><highlight class="normal"><sp/><sp/><sp/><sp/><sp/><sp/><sp/><sp/><sp/><sp/><sp/><sp/><sp/><sp/><sp/><sp/><sp/><sp/><sp/><sp/><sp/><sp/><sp/><sp/></highlight><highlight class="keywordflow">break</highlight><highlight class="normal">;</highlight></codeline>
<codeline lineno="77"><highlight class="normal"><sp/><sp/><sp/><sp/><sp/><sp/><sp/><sp/><sp/><sp/><sp/><sp/><sp/><sp/><sp/><sp/></highlight><highlight class="keywordflow">case</highlight><highlight class="normal"><sp/><ref refid="movement_8ino_1af188976ed0117000861fa2703c9af277" kindref="member">EASING</ref>:</highlight></codeline>
<codeline lineno="78"><highlight class="normal"><sp/><sp/><sp/><sp/><sp/><sp/><sp/><sp/><sp/><sp/><sp/><sp/><sp/><sp/><sp/><sp/><sp/><sp/><sp/><sp/><sp/><sp/><sp/><sp/></highlight><highlight class="keywordflow">if</highlight><highlight class="normal"><sp/>(input<sp/>==<sp/></highlight><highlight class="charliteral">&apos;q&apos;</highlight><highlight class="normal">)<sp/>{</highlight></codeline>
<codeline lineno="79"><highlight class="normal"><sp/><sp/><sp/><sp/><sp/><sp/><sp/><sp/><sp/><sp/><sp/><sp/><sp/><sp/><sp/><sp/><sp/><sp/><sp/><sp/><sp/><sp/><sp/><sp/><sp/><sp/><sp/><sp/><sp/><sp/><sp/><sp/><ref refid="movement_8ino_1a755ddb4acddbb801dbfd25d7a0c28f1c" kindref="member">change_state</ref>(<ref refid="movement_8ino_1abcb599860d50fbf38db5888c9a518576" kindref="member">MOVEMENT</ref>);</highlight></codeline>
<codeline lineno="80"><highlight class="normal"><sp/><sp/><sp/><sp/><sp/><sp/><sp/><sp/><sp/><sp/><sp/><sp/><sp/><sp/><sp/><sp/><sp/><sp/><sp/><sp/><sp/><sp/><sp/><sp/>}<sp/></highlight><highlight class="keywordflow">else</highlight><highlight class="normal"><sp/></highlight><highlight class="keywordflow">if</highlight><highlight class="normal"><sp/>(input<sp/>==<sp/></highlight><highlight class="charliteral">&apos;c&apos;</highlight><highlight class="normal">)<sp/>{</highlight></codeline>
<codeline lineno="81"><highlight class="normal"><sp/><sp/><sp/><sp/><sp/><sp/><sp/><sp/><sp/><sp/><sp/><sp/><sp/><sp/><sp/><sp/><sp/><sp/><sp/><sp/><sp/><sp/><sp/><sp/><sp/><sp/><sp/><sp/><sp/><sp/><sp/><sp/><ref refid="movement_8ino_1a85ce124ce06d822ad2e2a8117ebb0d46" kindref="member">ease_moves</ref>(<ref refid="uarm__library_8h_1ab6a6bff814ea831e2fd610bdf8e7741e" kindref="member">INTERP_EASE_INOUT_CUBIC</ref>);</highlight></codeline>
<codeline lineno="82"><highlight class="normal"><sp/><sp/><sp/><sp/><sp/><sp/><sp/><sp/><sp/><sp/><sp/><sp/><sp/><sp/><sp/><sp/><sp/><sp/><sp/><sp/><sp/><sp/><sp/><sp/>}<sp/></highlight><highlight class="keywordflow">else</highlight><highlight class="normal"><sp/></highlight><highlight class="keywordflow">if</highlight><highlight class="normal"><sp/>(input<sp/>==<sp/></highlight><highlight class="charliteral">&apos;e&apos;</highlight><highlight class="normal">)<sp/>{</highlight></codeline>
<codeline lineno="83"><highlight class="normal"><sp/><sp/><sp/><sp/><sp/><sp/><sp/><sp/><sp/><sp/><sp/><sp/><sp/><sp/><sp/><sp/><sp/><sp/><sp/><sp/><sp/><sp/><sp/><sp/><sp/><sp/><sp/><sp/><sp/><sp/><sp/><sp/><ref refid="movement_8ino_1a85ce124ce06d822ad2e2a8117ebb0d46" kindref="member">ease_moves</ref>(<ref refid="uarm__library_8h_1a677926da91000853b9f52468a74d444a" kindref="member">INTERP_EASE_INOUT</ref>);</highlight></codeline>
<codeline lineno="84"><highlight class="normal"><sp/><sp/><sp/><sp/><sp/><sp/><sp/><sp/><sp/><sp/><sp/><sp/><sp/><sp/><sp/><sp/><sp/><sp/><sp/><sp/><sp/><sp/><sp/><sp/>}<sp/></highlight><highlight class="keywordflow">else</highlight><highlight class="normal"><sp/></highlight><highlight class="keywordflow">if</highlight><highlight class="normal"><sp/>(input<sp/>==<sp/></highlight><highlight class="charliteral">&apos;i&apos;</highlight><highlight class="normal">)<sp/>{</highlight></codeline>
<codeline lineno="85"><highlight class="normal"><sp/><sp/><sp/><sp/><sp/><sp/><sp/><sp/><sp/><sp/><sp/><sp/><sp/><sp/><sp/><sp/><sp/><sp/><sp/><sp/><sp/><sp/><sp/><sp/><sp/><sp/><sp/><sp/><sp/><sp/><sp/><sp/><ref refid="movement_8ino_1a85ce124ce06d822ad2e2a8117ebb0d46" kindref="member">ease_moves</ref>(<ref refid="uarm__library_8h_1a303516778e695fa898601abe0ff3e2f9" kindref="member">INTERP_EASE_IN</ref>);</highlight></codeline>
<codeline lineno="86"><highlight class="normal"><sp/><sp/><sp/><sp/><sp/><sp/><sp/><sp/><sp/><sp/><sp/><sp/><sp/><sp/><sp/><sp/><sp/><sp/><sp/><sp/><sp/><sp/><sp/><sp/>}<sp/></highlight><highlight class="keywordflow">else</highlight><highlight class="normal"><sp/></highlight><highlight class="keywordflow">if</highlight><highlight class="normal"><sp/>(input<sp/>==<sp/></highlight><highlight class="charliteral">&apos;o&apos;</highlight><highlight class="normal">)<sp/>{</highlight></codeline>
<codeline lineno="87"><highlight class="normal"><sp/><sp/><sp/><sp/><sp/><sp/><sp/><sp/><sp/><sp/><sp/><sp/><sp/><sp/><sp/><sp/><sp/><sp/><sp/><sp/><sp/><sp/><sp/><sp/><sp/><sp/><sp/><sp/><sp/><sp/><sp/><sp/><ref refid="movement_8ino_1a85ce124ce06d822ad2e2a8117ebb0d46" kindref="member">ease_moves</ref>(<ref refid="uarm__library_8h_1a42e203cb4e6ea5d45242549d31e8a178" kindref="member">INTERP_EASE_OUT</ref>);</highlight></codeline>
<codeline lineno="88"><highlight class="normal"><sp/><sp/><sp/><sp/><sp/><sp/><sp/><sp/><sp/><sp/><sp/><sp/><sp/><sp/><sp/><sp/><sp/><sp/><sp/><sp/><sp/><sp/><sp/><sp/>}<sp/></highlight><highlight class="keywordflow">else</highlight><highlight class="normal"><sp/></highlight><highlight class="keywordflow">if</highlight><highlight class="normal"><sp/>(input<sp/>==<sp/></highlight><highlight class="charliteral">&apos;l&apos;</highlight><highlight class="normal">)<sp/>{</highlight></codeline>
<codeline lineno="89"><highlight class="normal"><sp/><sp/><sp/><sp/><sp/><sp/><sp/><sp/><sp/><sp/><sp/><sp/><sp/><sp/><sp/><sp/><sp/><sp/><sp/><sp/><sp/><sp/><sp/><sp/><sp/><sp/><sp/><sp/><sp/><sp/><sp/><sp/><ref refid="movement_8ino_1a85ce124ce06d822ad2e2a8117ebb0d46" kindref="member">ease_moves</ref>(<ref refid="uarm__library_8h_1a1d86866e45d3a98fc2e510bfb5e6e547" kindref="member">INTERP_LINEAR</ref>);</highlight></codeline>
<codeline lineno="90"><highlight class="normal"><sp/><sp/><sp/><sp/><sp/><sp/><sp/><sp/><sp/><sp/><sp/><sp/><sp/><sp/><sp/><sp/><sp/><sp/><sp/><sp/><sp/><sp/><sp/><sp/>}</highlight></codeline>
<codeline lineno="91"><highlight class="normal"><sp/><sp/><sp/><sp/><sp/><sp/><sp/><sp/><sp/><sp/><sp/><sp/><sp/><sp/><sp/><sp/><sp/><sp/><sp/><sp/><sp/><sp/><sp/><sp/></highlight><highlight class="keywordflow">break</highlight><highlight class="normal">;</highlight></codeline>
<codeline lineno="92"><highlight class="normal"><sp/><sp/><sp/><sp/><sp/><sp/><sp/><sp/><sp/><sp/><sp/><sp/><sp/><sp/><sp/><sp/></highlight><highlight class="keywordflow">case</highlight><highlight class="normal"><sp/><ref refid="movement_8ino_1ad9093b60d593b2c0c3f786b34fd5aca2" kindref="member">HAND_REL</ref>:</highlight></codeline>
<codeline lineno="93"><highlight class="normal"><sp/><sp/><sp/><sp/><sp/><sp/><sp/><sp/><sp/><sp/><sp/><sp/><sp/><sp/><sp/><sp/><sp/><sp/><sp/><sp/><sp/><sp/><sp/><sp/></highlight><highlight class="keywordflow">if</highlight><highlight class="normal"><sp/>(input<sp/>==<sp/></highlight><highlight class="charliteral">&apos;q&apos;</highlight><highlight class="normal">)<sp/>{</highlight></codeline>
<codeline lineno="94"><highlight class="normal"><sp/><sp/><sp/><sp/><sp/><sp/><sp/><sp/><sp/><sp/><sp/><sp/><sp/><sp/><sp/><sp/><sp/><sp/><sp/><sp/><sp/><sp/><sp/><sp/><sp/><sp/><sp/><sp/><sp/><sp/><sp/><sp/><ref refid="movement_8ino_1a755ddb4acddbb801dbfd25d7a0c28f1c" kindref="member">change_state</ref>(<ref refid="movement_8ino_1abcb599860d50fbf38db5888c9a518576" kindref="member">MOVEMENT</ref>);</highlight></codeline>
<codeline lineno="95"><highlight class="normal"><sp/><sp/><sp/><sp/><sp/><sp/><sp/><sp/><sp/><sp/><sp/><sp/><sp/><sp/><sp/><sp/><sp/><sp/><sp/><sp/><sp/><sp/><sp/><sp/>}<sp/></highlight><highlight class="keywordflow">else</highlight><highlight class="normal"><sp/></highlight><highlight class="keywordflow">if</highlight><highlight class="normal"><sp/>(input<sp/>==<sp/></highlight><highlight class="charliteral">&apos;n&apos;</highlight><highlight class="normal">)<sp/>{</highlight></codeline>
<codeline lineno="96"><highlight class="normal"><sp/><sp/><sp/><sp/><sp/><sp/><sp/><sp/><sp/><sp/><sp/><sp/><sp/><sp/><sp/><sp/><sp/><sp/><sp/><sp/><sp/><sp/><sp/><sp/><sp/><sp/><sp/><sp/><sp/><sp/><sp/><sp/><ref refid="movement_8ino_1ab6ed991b45d878d99f0f0d3a39ed6fe2" kindref="member">hand_moves</ref>(<ref refid="uarm__library_8h_1ade99adf031fa0fd810f6fe27c75c9018" kindref="member">F_ABSOLUTE</ref>);</highlight></codeline>
<codeline lineno="97"><highlight class="normal"><sp/><sp/><sp/><sp/><sp/><sp/><sp/><sp/><sp/><sp/><sp/><sp/><sp/><sp/><sp/><sp/><sp/><sp/><sp/><sp/><sp/><sp/><sp/><sp/>}<sp/></highlight><highlight class="keywordflow">else</highlight><highlight class="normal"><sp/></highlight><highlight class="keywordflow">if</highlight><highlight class="normal"><sp/>(input<sp/>==<sp/></highlight><highlight class="charliteral">&apos;r&apos;</highlight><highlight class="normal">)<sp/>{</highlight></codeline>
<codeline lineno="98"><highlight class="normal"><sp/><sp/><sp/><sp/><sp/><sp/><sp/><sp/><sp/><sp/><sp/><sp/><sp/><sp/><sp/><sp/><sp/><sp/><sp/><sp/><sp/><sp/><sp/><sp/><sp/><sp/><sp/><sp/><sp/><sp/><sp/><sp/><ref refid="movement_8ino_1ab6ed991b45d878d99f0f0d3a39ed6fe2" kindref="member">hand_moves</ref>(<ref refid="uarm__library_8h_1a47921cf61d2d02b6ac559aa2d5b89dc9" kindref="member">F_HAND_ROT_REL</ref>);</highlight></codeline>
<codeline lineno="99"><highlight class="normal"><sp/><sp/><sp/><sp/><sp/><sp/><sp/><sp/><sp/><sp/><sp/><sp/><sp/><sp/><sp/><sp/><sp/><sp/><sp/><sp/><sp/><sp/><sp/><sp/>}</highlight></codeline>
<codeline lineno="100"><highlight class="normal"><sp/><sp/><sp/><sp/><sp/><sp/><sp/><sp/><sp/><sp/><sp/><sp/><sp/><sp/><sp/><sp/><sp/><sp/><sp/><sp/><sp/><sp/><sp/><sp/></highlight><highlight class="keywordflow">break</highlight><highlight class="normal">;</highlight></codeline>
<codeline lineno="101"><highlight class="normal"><sp/><sp/><sp/><sp/><sp/><sp/><sp/><sp/><sp/><sp/><sp/><sp/><sp/><sp/><sp/><sp/>}</highlight></codeline>
<codeline lineno="102"><highlight class="normal"><sp/><sp/><sp/><sp/><sp/><sp/><sp/><sp/>}</highlight></codeline>
<codeline lineno="103"><highlight class="normal">}</highlight></codeline>
<codeline lineno="104"><highlight class="normal"></highlight></codeline>
<codeline lineno="105"><highlight class="normal"></highlight><highlight class="keywordtype">void</highlight><highlight class="normal"><sp/><ref refid="movement_8ino_1a755ddb4acddbb801dbfd25d7a0c28f1c" kindref="member">change_state</ref>(byte<sp/>new_state)<sp/>{</highlight></codeline>
<codeline lineno="106"><highlight class="normal"><sp/><sp/><sp/><sp/><sp/><sp/><sp/><sp/></highlight><highlight class="keywordflow">switch</highlight><highlight class="normal"><sp/>(new_state)<sp/>{</highlight></codeline>
<codeline lineno="107"><highlight class="normal"><sp/><sp/><sp/><sp/><sp/><sp/><sp/><sp/></highlight><highlight class="keywordflow">case</highlight><highlight class="normal"><sp/><ref refid="movement_8ino_1abcb599860d50fbf38db5888c9a518576" kindref="member">MOVEMENT</ref>:</highlight></codeline>
<codeline lineno="108"><highlight class="normal"><sp/><sp/><sp/><sp/><sp/><sp/><sp/><sp/><sp/><sp/><sp/><sp/><sp/><sp/><sp/><sp/>Serial.println(F(</highlight><highlight class="stringliteral">&quot;This<sp/>sketch<sp/>demonstrates<sp/>the<sp/>changes<sp/>added<sp/>to<sp/>uArm<sp/>movement<sp/>functions.&quot;</highlight><highlight class="normal">));</highlight></codeline>
<codeline lineno="109"><highlight class="normal"><sp/><sp/><sp/><sp/><sp/><sp/><sp/><sp/><sp/><sp/><sp/><sp/><sp/><sp/><sp/><sp/>Serial.println(F(</highlight><highlight class="stringliteral">&quot;Select<sp/>an<sp/>item<sp/>for<sp/>demonstration:&quot;</highlight><highlight class="normal">));</highlight></codeline>
<codeline lineno="110"><highlight class="normal"><sp/><sp/><sp/><sp/><sp/><sp/><sp/><sp/><sp/><sp/><sp/><sp/><sp/><sp/><sp/><sp/>Serial.println(F(</highlight><highlight class="stringliteral">&quot;(s)<sp/>Servo<sp/>caching&quot;</highlight><highlight class="normal">));</highlight></codeline>
<codeline lineno="111"><highlight class="normal"><sp/><sp/><sp/><sp/><sp/><sp/><sp/><sp/><sp/><sp/><sp/><sp/><sp/><sp/><sp/><sp/>Serial.println(F(</highlight><highlight class="stringliteral">&quot;(p)<sp/>Path<sp/>options&quot;</highlight><highlight class="normal">));</highlight></codeline>
<codeline lineno="112"><highlight class="normal"><sp/><sp/><sp/><sp/><sp/><sp/><sp/><sp/><sp/><sp/><sp/><sp/><sp/><sp/><sp/><sp/>Serial.println(F(</highlight><highlight class="stringliteral">&quot;(e)<sp/>Easing<sp/>of<sp/>movement&quot;</highlight><highlight class="normal">));</highlight></codeline>
<codeline lineno="113"><highlight class="normal"><sp/><sp/><sp/><sp/><sp/><sp/><sp/><sp/><sp/><sp/><sp/><sp/><sp/><sp/><sp/><sp/>Serial.println(F(</highlight><highlight class="stringliteral">&quot;(h)<sp/>Hand-relative<sp/>orientation&quot;</highlight><highlight class="normal">));</highlight></codeline>
<codeline lineno="114"><highlight class="normal"><sp/><sp/><sp/><sp/><sp/><sp/><sp/><sp/><sp/><sp/><sp/><sp/><sp/><sp/><sp/><sp/><ref refid="movement_8ino_1a0cae8a1cd160421d6cc2e6fb7b91dcf3" kindref="member">move_home_position</ref>(1);</highlight></codeline>
<codeline lineno="115"><highlight class="normal"><sp/><sp/><sp/><sp/><sp/><sp/><sp/><sp/><sp/><sp/><sp/><sp/><sp/><sp/><sp/><sp/></highlight><highlight class="keywordflow">break</highlight><highlight class="normal">;</highlight></codeline>
<codeline lineno="116"><highlight class="normal"><sp/><sp/><sp/><sp/><sp/><sp/><sp/><sp/></highlight><highlight class="keywordflow">case</highlight><highlight class="normal"><sp/><ref refid="movement_8ino_1a94d5152c40b8a5c6332e80e55fa531fd" kindref="member">SERVO_CACHE</ref>:</highlight></codeline>
<codeline lineno="117"><highlight class="normal"><sp/><sp/><sp/><sp/><sp/><sp/><sp/><sp/><sp/><sp/><sp/><sp/><sp/><sp/><sp/><sp/>Serial.println(F(</highlight><highlight class="stringliteral">&quot;Servo<sp/>values<sp/>are<sp/>now<sp/>cached<sp/>to<sp/>remove<sp/>readAngle<sp/>error<sp/>introduced<sp/>at<sp/>the<sp/>beginning<sp/>of<sp/>a<sp/>move.&quot;</highlight><highlight class="normal">));</highlight></codeline>
<codeline lineno="118"><highlight class="normal"><sp/><sp/><sp/><sp/><sp/><sp/><sp/><sp/><sp/><sp/><sp/><sp/><sp/><sp/><sp/><sp/>Serial.println(F(</highlight><highlight class="stringliteral">&quot;(b)<sp/>Before<sp/>servo<sp/>caching&quot;</highlight><highlight class="normal">));</highlight></codeline>
<codeline lineno="119"><highlight class="normal"><sp/><sp/><sp/><sp/><sp/><sp/><sp/><sp/><sp/><sp/><sp/><sp/><sp/><sp/><sp/><sp/>Serial.println(F(</highlight><highlight class="stringliteral">&quot;(a)<sp/>After<sp/>servo<sp/>caching&quot;</highlight><highlight class="normal">));</highlight></codeline>
<codeline lineno="120"><highlight class="normal"><sp/><sp/><sp/><sp/><sp/><sp/><sp/><sp/><sp/><sp/><sp/><sp/><sp/><sp/><sp/><sp/>Serial.println(F(</highlight><highlight class="stringliteral">&quot;(q)<sp/>Quit<sp/>to<sp/>top<sp/>menu&quot;</highlight><highlight class="normal">));</highlight></codeline>
<codeline lineno="121"><highlight class="normal"><sp/><sp/><sp/><sp/><sp/><sp/><sp/><sp/><sp/><sp/><sp/><sp/><sp/><sp/><sp/><sp/></highlight><highlight class="keywordflow">break</highlight><highlight class="normal">;</highlight></codeline>
<codeline lineno="122"><highlight class="normal"><sp/><sp/><sp/><sp/><sp/><sp/><sp/><sp/></highlight><highlight class="keywordflow">case</highlight><highlight class="normal"><sp/><ref refid="movement_8ino_1a2f4375365e1839c25ea765192240e71b" kindref="member">PATHING</ref>:</highlight></codeline>
<codeline lineno="123"><highlight class="normal"><sp/><sp/><sp/><sp/><sp/><sp/><sp/><sp/><sp/><sp/><sp/><sp/><sp/><sp/><sp/><sp/>Serial.println(F(</highlight><highlight class="stringliteral">&quot;In<sp/>addition<sp/>to<sp/>the<sp/>original<sp/>linear<sp/>path,<sp/>a<sp/>new<sp/>option<sp/>to<sp/>interpolate&quot;</highlight><highlight class="normal">));</highlight></codeline>
<codeline lineno="124"><highlight class="normal"><sp/><sp/><sp/><sp/><sp/><sp/><sp/><sp/><sp/><sp/><sp/><sp/><sp/><sp/><sp/><sp/>Serial.println(F(</highlight><highlight class="stringliteral">&quot;servo<sp/>angles<sp/>can<sp/>sometimes<sp/>offer<sp/>smoother,<sp/>non-linear<sp/>movement.&quot;</highlight><highlight class="normal">));</highlight></codeline>
<codeline lineno="125"><highlight class="normal"><sp/><sp/><sp/><sp/><sp/><sp/><sp/><sp/><sp/><sp/><sp/><sp/><sp/><sp/><sp/><sp/>Serial.println(F(</highlight><highlight class="stringliteral">&quot;(l)<sp/>Linear<sp/>path<sp/>demo&quot;</highlight><highlight class="normal">));</highlight></codeline>
<codeline lineno="126"><highlight class="normal"><sp/><sp/><sp/><sp/><sp/><sp/><sp/><sp/><sp/><sp/><sp/><sp/><sp/><sp/><sp/><sp/>Serial.println(F(</highlight><highlight class="stringliteral">&quot;(a)<sp/>Angular<sp/>path<sp/>demo&quot;</highlight><highlight class="normal">));</highlight></codeline>
<codeline lineno="127"><highlight class="normal"><sp/><sp/><sp/><sp/><sp/><sp/><sp/><sp/><sp/><sp/><sp/><sp/><sp/><sp/><sp/><sp/>Serial.println(F(</highlight><highlight class="stringliteral">&quot;(q)<sp/>Quit<sp/>to<sp/>top<sp/>menu&quot;</highlight><highlight class="normal">));</highlight></codeline>
<codeline lineno="128"><highlight class="normal"><sp/><sp/><sp/><sp/><sp/><sp/><sp/><sp/><sp/><sp/><sp/><sp/><sp/><sp/><sp/><sp/></highlight><highlight class="keywordflow">break</highlight><highlight class="normal">;</highlight></codeline>
<codeline lineno="129"><highlight class="normal"><sp/><sp/><sp/><sp/><sp/><sp/><sp/><sp/><sp/><sp/><sp/><sp/><sp/><sp/><sp/><sp/></highlight><highlight class="keywordflow">break</highlight><highlight class="normal">;</highlight></codeline>
<codeline lineno="130"><highlight class="normal"><sp/><sp/><sp/><sp/><sp/><sp/><sp/><sp/></highlight><highlight class="keywordflow">case</highlight><highlight class="normal"><sp/><ref refid="movement_8ino_1af188976ed0117000861fa2703c9af277" kindref="member">EASING</ref>:</highlight></codeline>
<codeline lineno="131"><highlight class="normal"><sp/><sp/><sp/><sp/><sp/><sp/><sp/><sp/><sp/><sp/><sp/><sp/><sp/><sp/><sp/><sp/>Serial.println(F(</highlight><highlight class="stringliteral">&quot;Several<sp/>new<sp/>movement<sp/>easing<sp/>function<sp/>have<sp/>also<sp/>been<sp/>added.&quot;</highlight><highlight class="normal">));</highlight></codeline>
<codeline lineno="132"><highlight class="normal"><sp/><sp/><sp/><sp/><sp/><sp/><sp/><sp/><sp/><sp/><sp/><sp/><sp/><sp/><sp/><sp/>Serial.println(F(</highlight><highlight class="stringliteral">&quot;(c)<sp/>Original<sp/>cubic<sp/>easing&quot;</highlight><highlight class="normal">));</highlight></codeline>
<codeline lineno="133"><highlight class="normal"><sp/><sp/><sp/><sp/><sp/><sp/><sp/><sp/><sp/><sp/><sp/><sp/><sp/><sp/><sp/><sp/>Serial.println(F(</highlight><highlight class="stringliteral">&quot;(e)<sp/>Quadratic<sp/>ease-in/ease-out&quot;</highlight><highlight class="normal">));</highlight></codeline>
<codeline lineno="134"><highlight class="normal"><sp/><sp/><sp/><sp/><sp/><sp/><sp/><sp/><sp/><sp/><sp/><sp/><sp/><sp/><sp/><sp/>Serial.println(F(</highlight><highlight class="stringliteral">&quot;(i)<sp/>Quadratic<sp/>ease-in<sp/>only&quot;</highlight><highlight class="normal">));</highlight></codeline>
<codeline lineno="135"><highlight class="normal"><sp/><sp/><sp/><sp/><sp/><sp/><sp/><sp/><sp/><sp/><sp/><sp/><sp/><sp/><sp/><sp/>Serial.println(F(</highlight><highlight class="stringliteral">&quot;(o)<sp/>Quadratic<sp/>ease-out<sp/>only&quot;</highlight><highlight class="normal">));</highlight></codeline>
<codeline lineno="136"><highlight class="normal"><sp/><sp/><sp/><sp/><sp/><sp/><sp/><sp/><sp/><sp/><sp/><sp/><sp/><sp/><sp/><sp/>Serial.println(F(</highlight><highlight class="stringliteral">&quot;(l)<sp/>Linear<sp/>(no<sp/>easing)&quot;</highlight><highlight class="normal">));</highlight></codeline>
<codeline lineno="137"><highlight class="normal"><sp/><sp/><sp/><sp/><sp/><sp/><sp/><sp/><sp/><sp/><sp/><sp/><sp/><sp/><sp/><sp/>Serial.println(F(</highlight><highlight class="stringliteral">&quot;(q)<sp/>Quit<sp/>to<sp/>top<sp/>menu&quot;</highlight><highlight class="normal">));</highlight></codeline>
<codeline lineno="138"><highlight class="normal"><sp/><sp/><sp/><sp/><sp/><sp/><sp/><sp/><sp/><sp/><sp/><sp/><sp/><sp/><sp/><sp/></highlight><highlight class="keywordflow">break</highlight><highlight class="normal">;</highlight></codeline>
<codeline lineno="139"><highlight class="normal"><sp/><sp/><sp/><sp/><sp/><sp/><sp/><sp/><sp/><sp/><sp/><sp/><sp/><sp/><sp/><sp/></highlight><highlight class="keywordflow">break</highlight><highlight class="normal">;</highlight></codeline>
<codeline lineno="140"><highlight class="normal"><sp/><sp/><sp/><sp/><sp/><sp/><sp/><sp/></highlight><highlight class="keywordflow">case</highlight><highlight class="normal"><sp/><ref refid="movement_8ino_1ad9093b60d593b2c0c3f786b34fd5aca2" kindref="member">HAND_REL</ref>:</highlight></codeline>
<codeline lineno="141"><highlight class="normal"><sp/><sp/><sp/><sp/><sp/><sp/><sp/><sp/><sp/><sp/><sp/><sp/><sp/><sp/><sp/><sp/>Serial.println(F(</highlight><highlight class="stringliteral">&quot;Hand<sp/>rotation<sp/>can<sp/>automatically<sp/>maintain<sp/>orientation<sp/>through<sp/>base<sp/>rotation.&quot;</highlight><highlight class="normal">));</highlight></codeline>
<codeline lineno="142"><highlight class="normal"><sp/><sp/><sp/><sp/><sp/><sp/><sp/><sp/><sp/><sp/><sp/><sp/><sp/><sp/><sp/><sp/>Serial.println(F(</highlight><highlight class="stringliteral">&quot;(n)<sp/>No<sp/>hand<sp/>orientation&quot;</highlight><highlight class="normal">));</highlight></codeline>
<codeline lineno="143"><highlight class="normal"><sp/><sp/><sp/><sp/><sp/><sp/><sp/><sp/><sp/><sp/><sp/><sp/><sp/><sp/><sp/><sp/>Serial.println(F(</highlight><highlight class="stringliteral">&quot;(r)<sp/>Rotation-relative<sp/>hand&quot;</highlight><highlight class="normal">));</highlight></codeline>
<codeline lineno="144"><highlight class="normal"><sp/><sp/><sp/><sp/><sp/><sp/><sp/><sp/><sp/><sp/><sp/><sp/><sp/><sp/><sp/><sp/>Serial.println(F(</highlight><highlight class="stringliteral">&quot;(q)<sp/>Quit<sp/>to<sp/>top<sp/>menu&quot;</highlight><highlight class="normal">));</highlight></codeline>
<codeline lineno="145"><highlight class="normal"><sp/><sp/><sp/><sp/><sp/><sp/><sp/><sp/><sp/><sp/><sp/><sp/><sp/><sp/><sp/><sp/></highlight><highlight class="keywordflow">break</highlight><highlight class="normal">;</highlight></codeline>
<codeline lineno="146"><highlight class="normal"><sp/><sp/><sp/><sp/><sp/><sp/><sp/><sp/>}</highlight></codeline>
<codeline lineno="147"><highlight class="normal"><sp/><sp/><sp/><sp/><sp/><sp/><sp/><sp/>Serial.println();</highlight></codeline>
<codeline lineno="148"><highlight class="normal"><sp/><sp/><sp/><sp/><sp/><sp/><sp/><sp/><ref refid="movement_8ino_1a6c486a2a8d047086343643e63f24061c" kindref="member">state</ref><sp/>=<sp/>new_state;</highlight></codeline>
<codeline lineno="149"><highlight class="normal">}</highlight></codeline>
<codeline lineno="150"><highlight class="normal"></highlight></codeline>
<codeline lineno="151"><highlight class="normal"></highlight><highlight class="keywordtype">void</highlight><highlight class="normal"><sp/><ref refid="movement_8ino_1a192c64af840f3e562cec37c58b3d5781" kindref="member">alert</ref>(byte<sp/>beeps)<sp/>{</highlight></codeline>
<codeline lineno="152"><highlight class="normal"><sp/><sp/><sp/><sp/><sp/><sp/><sp/><sp/><ref refid="uarm__library_8cpp_1a090cc6fa82eb11487fd2c4a227f0b85c" kindref="member">uarm</ref>.<ref refid="classu_arm_class_1a42655ebaae4634dfb272e00e5ad2ecf8" kindref="member">alert</ref>(beeps,<sp/>50,<sp/>50);</highlight></codeline>
<codeline lineno="153"><highlight class="normal">}</highlight></codeline>
<codeline lineno="154"><highlight class="normal"></highlight></codeline>
<codeline lineno="155"><highlight class="normal"></highlight><highlight class="keywordtype">void</highlight><highlight class="normal"><sp/><ref refid="movement_8ino_1a0cae8a1cd160421d6cc2e6fb7b91dcf3" kindref="member">move_home_position</ref>(</highlight><highlight class="keywordtype">float</highlight><highlight class="normal"><sp/>time)<sp/>{</highlight></codeline>
<codeline lineno="156"><highlight class="normal"><sp/><sp/><sp/><sp/><sp/><sp/><sp/><sp/><ref refid="uarm__library_8cpp_1a090cc6fa82eb11487fd2c4a227f0b85c" kindref="member">uarm</ref>.<ref refid="classu_arm_class_1aaf4c2ca0a6ff1a78ddc73397b8ea4dd4" kindref="member">move_to</ref>(0,<sp/>-21,<sp/>20,<sp/>90,<sp/><ref refid="uarm__library_8h_1ade99adf031fa0fd810f6fe27c75c9018" kindref="member">F_ABSOLUTE</ref>,<sp/>time,<sp/><ref refid="uarm__library_8h_1a970bf6c4bc05d857cb09ca7f14d3c396" kindref="member">PATH_ANGLES</ref>,<sp/><ref refid="uarm__library_8h_1a677926da91000853b9f52468a74d444a" kindref="member">INTERP_EASE_INOUT</ref>,</highlight><highlight class="keyword">true</highlight><highlight class="normal">);</highlight></codeline>
<codeline lineno="157"><highlight class="normal">}</highlight></codeline>
<codeline lineno="158"><highlight class="normal"></highlight></codeline>
<codeline lineno="159"><highlight class="normal"></highlight><highlight class="keywordtype">void</highlight><highlight class="normal"><sp/><ref refid="movement_8ino_1ab3bebb37d92b03753ff136c0f20d0dfb" kindref="member">many_xyz_start_points</ref>(</highlight><highlight class="keywordtype">bool</highlight><highlight class="normal"><sp/>recalc_servos)<sp/>{</highlight></codeline>
<codeline lineno="160"><highlight class="normal"><sp/><sp/><sp/><sp/><sp/><sp/><sp/><sp/></highlight><highlight class="comment">//<sp/>detaching<sp/>the<sp/>servos<sp/>after<sp/>each<sp/>move<sp/>forces<sp/>the<sp/>cache<sp/>to<sp/>be<sp/>recalculated,<sp/>generating<sp/>the<sp/>errors</highlight><highlight class="normal"></highlight></codeline>
<codeline lineno="161"><highlight class="normal"><sp/><sp/><sp/><sp/><sp/><sp/><sp/><sp/></highlight><highlight class="comment">//<sp/>this<sp/>mimics<sp/>the<sp/>previous<sp/>behavior<sp/>where<sp/>positions<sp/>were<sp/>always<sp/>recalculated<sp/>between<sp/>moves</highlight><highlight class="normal"></highlight></codeline>
<codeline lineno="162"><highlight class="normal"><sp/><sp/><sp/><sp/><sp/><sp/><sp/><sp/></highlight><highlight class="keywordflow">if</highlight><highlight class="normal"><sp/>(recalc_servos)<sp/>{</highlight></codeline>
<codeline lineno="163"><highlight class="normal"><sp/><sp/><sp/><sp/><sp/><sp/><sp/><sp/><sp/><sp/><sp/><sp/><sp/><sp/><sp/><sp/><ref refid="movement_8ino_1a4818475d363f53dfe931ed86686ab494" kindref="member">detach_all_servos</ref>();</highlight></codeline>
<codeline lineno="164"><highlight class="normal"><sp/><sp/><sp/><sp/><sp/><sp/><sp/><sp/>}</highlight></codeline>
<codeline lineno="165"><highlight class="normal"><sp/><sp/><sp/><sp/><sp/><sp/><sp/><sp/><ref refid="uarm__library_8cpp_1a090cc6fa82eb11487fd2c4a227f0b85c" kindref="member">uarm</ref>.<ref refid="classu_arm_class_1aaf4c2ca0a6ff1a78ddc73397b8ea4dd4" kindref="member">move_to</ref>(-14,<sp/>-19,<sp/>20,<sp/>90,<sp/><ref refid="uarm__library_8h_1ade99adf031fa0fd810f6fe27c75c9018" kindref="member">F_ABSOLUTE</ref>,<sp/>.5,<sp/><ref refid="uarm__library_8h_1a970bf6c4bc05d857cb09ca7f14d3c396" kindref="member">PATH_ANGLES</ref>,<sp/><ref refid="uarm__library_8h_1a677926da91000853b9f52468a74d444a" kindref="member">INTERP_EASE_INOUT</ref>,<sp/></highlight><highlight class="keyword">true</highlight><highlight class="normal">);</highlight></codeline>
<codeline lineno="166"><highlight class="normal"><sp/><sp/><sp/><sp/><sp/><sp/><sp/><sp/></highlight><highlight class="keywordflow">if</highlight><highlight class="normal"><sp/>(recalc_servos)<sp/>{</highlight></codeline>
<codeline lineno="167"><highlight class="normal"><sp/><sp/><sp/><sp/><sp/><sp/><sp/><sp/><sp/><sp/><sp/><sp/><sp/><sp/><sp/><sp/><ref refid="movement_8ino_1a4818475d363f53dfe931ed86686ab494" kindref="member">detach_all_servos</ref>();</highlight></codeline>
<codeline lineno="168"><highlight class="normal"><sp/><sp/><sp/><sp/><sp/><sp/><sp/><sp/>}</highlight></codeline>
<codeline lineno="169"><highlight class="normal"><sp/><sp/><sp/><sp/><sp/><sp/><sp/><sp/>delay(500);</highlight></codeline>
<codeline lineno="170"><highlight class="normal"><sp/><sp/><sp/><sp/><sp/><sp/><sp/><sp/><ref refid="uarm__library_8cpp_1a090cc6fa82eb11487fd2c4a227f0b85c" kindref="member">uarm</ref>.<ref refid="classu_arm_class_1aaf4c2ca0a6ff1a78ddc73397b8ea4dd4" kindref="member">move_to</ref>(-7,<sp/>-26,<sp/>14,<sp/>90,<sp/><ref refid="uarm__library_8h_1ade99adf031fa0fd810f6fe27c75c9018" kindref="member">F_ABSOLUTE</ref>,<sp/>.5,<sp/><ref refid="uarm__library_8h_1a970bf6c4bc05d857cb09ca7f14d3c396" kindref="member">PATH_ANGLES</ref>,<sp/><ref refid="uarm__library_8h_1a677926da91000853b9f52468a74d444a" kindref="member">INTERP_EASE_INOUT</ref>,</highlight><highlight class="keyword">true</highlight><highlight class="normal">);</highlight></codeline>
<codeline lineno="171"><highlight class="normal"><sp/><sp/><sp/><sp/><sp/><sp/><sp/><sp/></highlight><highlight class="keywordflow">if</highlight><highlight class="normal"><sp/>(recalc_servos)<sp/>{</highlight></codeline>
<codeline lineno="172"><highlight class="normal"><sp/><sp/><sp/><sp/><sp/><sp/><sp/><sp/><sp/><sp/><sp/><sp/><sp/><sp/><sp/><sp/><ref refid="movement_8ino_1a4818475d363f53dfe931ed86686ab494" kindref="member">detach_all_servos</ref>();</highlight></codeline>
<codeline lineno="173"><highlight class="normal"><sp/><sp/><sp/><sp/><sp/><sp/><sp/><sp/>}</highlight></codeline>
<codeline lineno="174"><highlight class="normal"><sp/><sp/><sp/><sp/><sp/><sp/><sp/><sp/>delay(500);</highlight></codeline>
<codeline lineno="175"><highlight class="normal"><sp/><sp/><sp/><sp/><sp/><sp/><sp/><sp/><ref refid="uarm__library_8cpp_1a090cc6fa82eb11487fd2c4a227f0b85c" kindref="member">uarm</ref>.<ref refid="classu_arm_class_1aaf4c2ca0a6ff1a78ddc73397b8ea4dd4" kindref="member">move_to</ref>(0,<sp/>-19,<sp/>20,<sp/>90,<sp/><ref refid="uarm__library_8h_1ade99adf031fa0fd810f6fe27c75c9018" kindref="member">F_ABSOLUTE</ref>,<sp/>.5,<sp/><ref refid="uarm__library_8h_1a970bf6c4bc05d857cb09ca7f14d3c396" kindref="member">PATH_ANGLES</ref>,<sp/><ref refid="uarm__library_8h_1a677926da91000853b9f52468a74d444a" kindref="member">INTERP_EASE_INOUT</ref>,</highlight><highlight class="keyword">true</highlight><highlight class="normal">);</highlight></codeline>
<codeline lineno="176"><highlight class="normal"><sp/><sp/><sp/><sp/><sp/><sp/><sp/><sp/></highlight><highlight class="keywordflow">if</highlight><highlight class="normal"><sp/>(recalc_servos)<sp/>{</highlight></codeline>
<codeline lineno="177"><highlight class="normal"><sp/><sp/><sp/><sp/><sp/><sp/><sp/><sp/><sp/><sp/><sp/><sp/><sp/><sp/><sp/><sp/><ref refid="movement_8ino_1a4818475d363f53dfe931ed86686ab494" kindref="member">detach_all_servos</ref>();</highlight></codeline>
<codeline lineno="178"><highlight class="normal"><sp/><sp/><sp/><sp/><sp/><sp/><sp/><sp/>}</highlight></codeline>
<codeline lineno="179"><highlight class="normal"><sp/><sp/><sp/><sp/><sp/><sp/><sp/><sp/>delay(500);</highlight></codeline>
<codeline lineno="180"><highlight class="normal"><sp/><sp/><sp/><sp/><sp/><sp/><sp/><sp/><ref refid="uarm__library_8cpp_1a090cc6fa82eb11487fd2c4a227f0b85c" kindref="member">uarm</ref>.<ref refid="classu_arm_class_1aaf4c2ca0a6ff1a78ddc73397b8ea4dd4" kindref="member">move_to</ref>(7,<sp/>-26,<sp/>14,<sp/>90,<sp/><ref refid="uarm__library_8h_1ade99adf031fa0fd810f6fe27c75c9018" kindref="member">F_ABSOLUTE</ref>,<sp/>.5,<sp/><ref refid="uarm__library_8h_1a970bf6c4bc05d857cb09ca7f14d3c396" kindref="member">PATH_ANGLES</ref>,<sp/><ref refid="uarm__library_8h_1a677926da91000853b9f52468a74d444a" kindref="member">INTERP_EASE_INOUT</ref>,</highlight><highlight class="keyword">true</highlight><highlight class="normal">);</highlight></codeline>
<codeline lineno="181"><highlight class="normal"><sp/><sp/><sp/><sp/><sp/><sp/><sp/><sp/></highlight><highlight class="keywordflow">if</highlight><highlight class="normal"><sp/>(recalc_servos)<sp/>{</highlight></codeline>
<codeline lineno="182"><highlight class="normal"><sp/><sp/><sp/><sp/><sp/><sp/><sp/><sp/><sp/><sp/><sp/><sp/><sp/><sp/><sp/><sp/><ref refid="movement_8ino_1a4818475d363f53dfe931ed86686ab494" kindref="member">detach_all_servos</ref>();</highlight></codeline>
<codeline lineno="183"><highlight class="normal"><sp/><sp/><sp/><sp/><sp/><sp/><sp/><sp/>}</highlight></codeline>
<codeline lineno="184"><highlight class="normal"><sp/><sp/><sp/><sp/><sp/><sp/><sp/><sp/>delay(500);</highlight></codeline>
<codeline lineno="185"><highlight class="normal"><sp/><sp/><sp/><sp/><sp/><sp/><sp/><sp/><ref refid="uarm__library_8cpp_1a090cc6fa82eb11487fd2c4a227f0b85c" kindref="member">uarm</ref>.<ref refid="classu_arm_class_1aaf4c2ca0a6ff1a78ddc73397b8ea4dd4" kindref="member">move_to</ref>(14,<sp/>-19,<sp/>20,<sp/>90,<sp/><ref refid="uarm__library_8h_1ade99adf031fa0fd810f6fe27c75c9018" kindref="member">F_ABSOLUTE</ref>,<sp/>.5,<sp/><ref refid="uarm__library_8h_1a970bf6c4bc05d857cb09ca7f14d3c396" kindref="member">PATH_ANGLES</ref>,<sp/><ref refid="uarm__library_8h_1a677926da91000853b9f52468a74d444a" kindref="member">INTERP_EASE_INOUT</ref>,</highlight><highlight class="keyword">true</highlight><highlight class="normal">);</highlight></codeline>
<codeline lineno="186"><highlight class="normal"><sp/><sp/><sp/><sp/><sp/><sp/><sp/><sp/></highlight><highlight class="keywordflow">if</highlight><highlight class="normal"><sp/>(recalc_servos)<sp/>{</highlight></codeline>
<codeline lineno="187"><highlight class="normal"><sp/><sp/><sp/><sp/><sp/><sp/><sp/><sp/><sp/><sp/><sp/><sp/><sp/><sp/><sp/><sp/><ref refid="movement_8ino_1a4818475d363f53dfe931ed86686ab494" kindref="member">detach_all_servos</ref>();</highlight></codeline>
<codeline lineno="188"><highlight class="normal"><sp/><sp/><sp/><sp/><sp/><sp/><sp/><sp/>}</highlight></codeline>
<codeline lineno="189"><highlight class="normal"><sp/><sp/><sp/><sp/><sp/><sp/><sp/><sp/>delay(500);</highlight></codeline>
<codeline lineno="190"><highlight class="normal">}</highlight></codeline>
<codeline lineno="191"><highlight class="normal"></highlight></codeline>
<codeline lineno="192"><highlight class="normal"></highlight><highlight class="keywordtype">void</highlight><highlight class="normal"><sp/><ref refid="movement_8ino_1a0ef3fd0ec2e4c318be6a9dc1ce2c7ec4" kindref="member">path_moves</ref>(byte<sp/>path_type)<sp/>{</highlight></codeline>
<codeline lineno="193"><highlight class="normal"><sp/><sp/><sp/><sp/><sp/><sp/><sp/><sp/></highlight><highlight class="comment">//<sp/>PATH_LINEAR<sp/>creates<sp/>a<sp/>linear<sp/>path<sp/>between<sp/>the<sp/>start<sp/>end<sp/>and<sp/>point</highlight><highlight class="normal"></highlight></codeline>
<codeline lineno="194"><highlight class="normal"><sp/><sp/><sp/><sp/><sp/><sp/><sp/><sp/></highlight><highlight class="comment">//<sp/>PATH_ANGLES<sp/>instead<sp/>interpolates<sp/>the<sp/>start<sp/>and<sp/>ending<sp/>servos<sp/>positions</highlight><highlight class="normal"></highlight></codeline>
<codeline lineno="195"><highlight class="normal"><sp/><sp/><sp/><sp/><sp/><sp/><sp/><sp/><ref refid="uarm__library_8cpp_1a090cc6fa82eb11487fd2c4a227f0b85c" kindref="member">uarm</ref>.<ref refid="classu_arm_class_1aaf4c2ca0a6ff1a78ddc73397b8ea4dd4" kindref="member">move_to</ref>(-7,<sp/>-14,<sp/>10,<sp/>90,<sp/><ref refid="uarm__library_8h_1ade99adf031fa0fd810f6fe27c75c9018" kindref="member">F_ABSOLUTE</ref>,<sp/>1,<sp/>path_type,<sp/><ref refid="uarm__library_8h_1a677926da91000853b9f52468a74d444a" kindref="member">INTERP_EASE_INOUT</ref>,</highlight><highlight class="keyword">true</highlight><highlight class="normal">);</highlight></codeline>
<codeline lineno="196"><highlight class="normal"><sp/><sp/><sp/><sp/><sp/><sp/><sp/><sp/>delay(500);</highlight></codeline>
<codeline lineno="197"><highlight class="normal"><sp/><sp/><sp/><sp/><sp/><sp/><sp/><sp/><ref refid="uarm__library_8cpp_1a090cc6fa82eb11487fd2c4a227f0b85c" kindref="member">uarm</ref>.<ref refid="classu_arm_class_1aaf4c2ca0a6ff1a78ddc73397b8ea4dd4" kindref="member">move_to</ref>(15,<sp/>-26,<sp/>20,<sp/>90,<sp/><ref refid="uarm__library_8h_1ade99adf031fa0fd810f6fe27c75c9018" kindref="member">F_ABSOLUTE</ref>,<sp/>1,<sp/>path_type,<sp/><ref refid="uarm__library_8h_1a677926da91000853b9f52468a74d444a" kindref="member">INTERP_EASE_INOUT</ref>,</highlight><highlight class="keyword">true</highlight><highlight class="normal">);</highlight></codeline>
<codeline lineno="198"><highlight class="normal"><sp/><sp/><sp/><sp/><sp/><sp/><sp/><sp/>delay(500);</highlight></codeline>
<codeline lineno="199"><highlight class="normal"><sp/><sp/><sp/><sp/><sp/><sp/><sp/><sp/><ref refid="uarm__library_8cpp_1a090cc6fa82eb11487fd2c4a227f0b85c" kindref="member">uarm</ref>.<ref refid="classu_arm_class_1aaf4c2ca0a6ff1a78ddc73397b8ea4dd4" kindref="member">move_to</ref>(-15,<sp/>-26,<sp/>20,<sp/>90,<sp/><ref refid="uarm__library_8h_1ade99adf031fa0fd810f6fe27c75c9018" kindref="member">F_ABSOLUTE</ref>,<sp/>1,<sp/>path_type,<sp/><ref refid="uarm__library_8h_1a677926da91000853b9f52468a74d444a" kindref="member">INTERP_EASE_INOUT</ref>,</highlight><highlight class="keyword">true</highlight><highlight class="normal">);</highlight></codeline>
<codeline lineno="200"><highlight class="normal"><sp/><sp/><sp/><sp/><sp/><sp/><sp/><sp/>delay(500);</highlight></codeline>
<codeline lineno="201"><highlight class="normal"><sp/><sp/><sp/><sp/><sp/><sp/><sp/><sp/><ref refid="uarm__library_8cpp_1a090cc6fa82eb11487fd2c4a227f0b85c" kindref="member">uarm</ref>.<ref refid="classu_arm_class_1aaf4c2ca0a6ff1a78ddc73397b8ea4dd4" kindref="member">move_to</ref>(7,<sp/>-14,<sp/>10,<sp/>90,<sp/><ref refid="uarm__library_8h_1ade99adf031fa0fd810f6fe27c75c9018" kindref="member">F_ABSOLUTE</ref>,<sp/>1,<sp/>path_type,<sp/><ref refid="uarm__library_8h_1a677926da91000853b9f52468a74d444a" kindref="member">INTERP_EASE_INOUT</ref>,</highlight><highlight class="keyword">true</highlight><highlight class="normal">);</highlight></codeline>
<codeline lineno="202"><highlight class="normal"><sp/><sp/><sp/><sp/><sp/><sp/><sp/><sp/>delay(500);</highlight></codeline>
<codeline lineno="203"><highlight class="normal"><sp/><sp/><sp/><sp/><sp/><sp/><sp/><sp/><ref refid="uarm__library_8cpp_1a090cc6fa82eb11487fd2c4a227f0b85c" kindref="member">uarm</ref>.<ref refid="classu_arm_class_1aaf4c2ca0a6ff1a78ddc73397b8ea4dd4" kindref="member">move_to</ref>(0,<sp/>-21,<sp/>20,<sp/>90,<sp/><ref refid="uarm__library_8h_1ade99adf031fa0fd810f6fe27c75c9018" kindref="member">F_ABSOLUTE</ref>,<sp/>1,<sp/>path_type,<sp/><ref refid="uarm__library_8h_1a677926da91000853b9f52468a74d444a" kindref="member">INTERP_EASE_INOUT</ref>,</highlight><highlight class="keyword">true</highlight><highlight class="normal">);</highlight></codeline>
<codeline lineno="204"><highlight class="normal">}</highlight></codeline>
<codeline lineno="205"><highlight class="normal"></highlight></codeline>
<codeline lineno="206"><highlight class="normal"></highlight><highlight class="keywordtype">void</highlight><highlight class="normal"><sp/><ref refid="movement_8ino_1a85ce124ce06d822ad2e2a8117ebb0d46" kindref="member">ease_moves</ref>(byte<sp/>ease_type)<sp/>{</highlight></codeline>
<codeline lineno="207"><highlight class="normal"><sp/><sp/><sp/><sp/><sp/><sp/><sp/><sp/><ref refid="uarm__library_8cpp_1a090cc6fa82eb11487fd2c4a227f0b85c" kindref="member">uarm</ref>.<ref refid="classu_arm_class_1aaf4c2ca0a6ff1a78ddc73397b8ea4dd4" kindref="member">move_to</ref>(-10,<sp/>-26,<sp/>15,<sp/>90,<sp/><ref refid="uarm__library_8h_1ade99adf031fa0fd810f6fe27c75c9018" kindref="member">F_ABSOLUTE</ref>,<sp/>1,<sp/><ref refid="uarm__library_8h_1a970bf6c4bc05d857cb09ca7f14d3c396" kindref="member">PATH_ANGLES</ref>,<sp/><ref refid="uarm__library_8h_1a677926da91000853b9f52468a74d444a" kindref="member">INTERP_EASE_INOUT</ref>,</highlight><highlight class="keyword">true</highlight><highlight class="normal">);</highlight></codeline>
<codeline lineno="208"><highlight class="normal"><sp/><sp/><sp/><sp/><sp/><sp/><sp/><sp/>delay(750);</highlight></codeline>
<codeline lineno="209"><highlight class="normal"><sp/><sp/><sp/><sp/><sp/><sp/><sp/><sp/><ref refid="uarm__library_8cpp_1a090cc6fa82eb11487fd2c4a227f0b85c" kindref="member">uarm</ref>.<ref refid="classu_arm_class_1aaf4c2ca0a6ff1a78ddc73397b8ea4dd4" kindref="member">move_to</ref>(10,<sp/>-26,<sp/>15,<sp/>90,<sp/><ref refid="uarm__library_8h_1ade99adf031fa0fd810f6fe27c75c9018" kindref="member">F_ABSOLUTE</ref>,<sp/>.75,<sp/><ref refid="uarm__library_8h_1a970bf6c4bc05d857cb09ca7f14d3c396" kindref="member">PATH_ANGLES</ref>,<sp/>ease_type,</highlight><highlight class="keyword">true</highlight><highlight class="normal">);</highlight></codeline>
<codeline lineno="210"><highlight class="normal"><sp/><sp/><sp/><sp/><sp/><sp/><sp/><sp/>delay(500);</highlight></codeline>
<codeline lineno="211"><highlight class="normal"><sp/><sp/><sp/><sp/><sp/><sp/><sp/><sp/><ref refid="uarm__library_8cpp_1a090cc6fa82eb11487fd2c4a227f0b85c" kindref="member">uarm</ref>.<ref refid="classu_arm_class_1aaf4c2ca0a6ff1a78ddc73397b8ea4dd4" kindref="member">move_to</ref>(10,<sp/>-14,<sp/>15,<sp/>90,<sp/><ref refid="uarm__library_8h_1ade99adf031fa0fd810f6fe27c75c9018" kindref="member">F_ABSOLUTE</ref>,<sp/>.75,<sp/><ref refid="uarm__library_8h_1a970bf6c4bc05d857cb09ca7f14d3c396" kindref="member">PATH_ANGLES</ref>,<sp/>ease_type,</highlight><highlight class="keyword">true</highlight><highlight class="normal">);</highlight></codeline>
<codeline lineno="212"><highlight class="normal"><sp/><sp/><sp/><sp/><sp/><sp/><sp/><sp/>delay(500);</highlight></codeline>
<codeline lineno="213"><highlight class="normal"><sp/><sp/><sp/><sp/><sp/><sp/><sp/><sp/><ref refid="uarm__library_8cpp_1a090cc6fa82eb11487fd2c4a227f0b85c" kindref="member">uarm</ref>.<ref refid="classu_arm_class_1aaf4c2ca0a6ff1a78ddc73397b8ea4dd4" kindref="member">move_to</ref>(-10,<sp/>-14,<sp/>15,<sp/>90,<sp/><ref refid="uarm__library_8h_1ade99adf031fa0fd810f6fe27c75c9018" kindref="member">F_ABSOLUTE</ref>,<sp/>.75,<sp/><ref refid="uarm__library_8h_1a970bf6c4bc05d857cb09ca7f14d3c396" kindref="member">PATH_ANGLES</ref>,<sp/>ease_type,</highlight><highlight class="keyword">true</highlight><highlight class="normal">);</highlight></codeline>
<codeline lineno="214"><highlight class="normal"><sp/><sp/><sp/><sp/><sp/><sp/><sp/><sp/>delay(500);</highlight></codeline>
<codeline lineno="215"><highlight class="normal"><sp/><sp/><sp/><sp/><sp/><sp/><sp/><sp/><ref refid="uarm__library_8cpp_1a090cc6fa82eb11487fd2c4a227f0b85c" kindref="member">uarm</ref>.<ref refid="classu_arm_class_1aaf4c2ca0a6ff1a78ddc73397b8ea4dd4" kindref="member">move_to</ref>(-10,<sp/>-26,<sp/>15,<sp/>90,<sp/><ref refid="uarm__library_8h_1ade99adf031fa0fd810f6fe27c75c9018" kindref="member">F_ABSOLUTE</ref>,<sp/>.75,<sp/><ref refid="uarm__library_8h_1a970bf6c4bc05d857cb09ca7f14d3c396" kindref="member">PATH_ANGLES</ref>,<sp/>ease_type,</highlight><highlight class="keyword">true</highlight><highlight class="normal">);</highlight></codeline>
<codeline lineno="216"><highlight class="normal"><sp/><sp/><sp/><sp/><sp/><sp/><sp/><sp/>delay(750);</highlight></codeline>
<codeline lineno="217"><highlight class="normal"><sp/><sp/><sp/><sp/><sp/><sp/><sp/><sp/><ref refid="uarm__library_8cpp_1a090cc6fa82eb11487fd2c4a227f0b85c" kindref="member">uarm</ref>.<ref refid="classu_arm_class_1aaf4c2ca0a6ff1a78ddc73397b8ea4dd4" kindref="member">move_to</ref>(0,<sp/>-21,<sp/>20,<sp/>90,<sp/><ref refid="uarm__library_8h_1ade99adf031fa0fd810f6fe27c75c9018" kindref="member">F_ABSOLUTE</ref>,<sp/>1,<sp/><ref refid="uarm__library_8h_1a970bf6c4bc05d857cb09ca7f14d3c396" kindref="member">PATH_ANGLES</ref>,<sp/><ref refid="uarm__library_8h_1a677926da91000853b9f52468a74d444a" kindref="member">INTERP_EASE_INOUT</ref>,</highlight><highlight class="keyword">true</highlight><highlight class="normal">);</highlight></codeline>
<codeline lineno="218"><highlight class="normal">}</highlight></codeline>
<codeline lineno="219"><highlight class="normal"></highlight></codeline>
<codeline lineno="220"><highlight class="normal"></highlight><highlight class="keywordtype">void</highlight><highlight class="normal"><sp/><ref refid="movement_8ino_1ab6ed991b45d878d99f0f0d3a39ed6fe2" kindref="member">hand_moves</ref>(byte<sp/>relative)<sp/>{</highlight></codeline>
<codeline lineno="221"><highlight class="normal"><sp/><sp/><sp/><sp/><sp/><sp/><sp/><sp/></highlight><highlight class="comment">//<sp/>F_HAND_ROT_REL<sp/>will<sp/>keep<sp/>the<sp/>hand<sp/>orientation<sp/>contstant<sp/>through<sp/>a<sp/>move</highlight><highlight class="normal"></highlight></codeline>
<codeline lineno="222"><highlight class="normal"><sp/><sp/><sp/><sp/><sp/><sp/><sp/><sp/><ref refid="uarm__library_8cpp_1a090cc6fa82eb11487fd2c4a227f0b85c" kindref="member">uarm</ref>.<ref refid="classu_arm_class_1aaf4c2ca0a6ff1a78ddc73397b8ea4dd4" kindref="member">move_to</ref>(-15,<sp/>-15,<sp/>12,<sp/>relative<sp/>?<sp/>0<sp/>:<sp/>90,<sp/>relative,<sp/>1,<sp/><ref refid="uarm__library_8h_1a970bf6c4bc05d857cb09ca7f14d3c396" kindref="member">PATH_ANGLES</ref>,<sp/><ref refid="uarm__library_8h_1a677926da91000853b9f52468a74d444a" kindref="member">INTERP_EASE_INOUT</ref>,</highlight><highlight class="keyword">true</highlight><highlight class="normal">);</highlight></codeline>
<codeline lineno="223"><highlight class="normal"><sp/><sp/><sp/><sp/><sp/><sp/><sp/><sp/>delay(500);</highlight></codeline>
<codeline lineno="224"><highlight class="normal"><sp/><sp/><sp/><sp/><sp/><sp/><sp/><sp/><ref refid="uarm__library_8cpp_1a090cc6fa82eb11487fd2c4a227f0b85c" kindref="member">uarm</ref>.<ref refid="classu_arm_class_1aaf4c2ca0a6ff1a78ddc73397b8ea4dd4" kindref="member">move_to</ref>(-15,<sp/>-15,<sp/>8,<sp/>relative<sp/>?<sp/>0<sp/>:<sp/>90,<sp/>relative,<sp/>.5,<sp/><ref refid="uarm__library_8h_1a970bf6c4bc05d857cb09ca7f14d3c396" kindref="member">PATH_ANGLES</ref>,<sp/><ref refid="uarm__library_8h_1a677926da91000853b9f52468a74d444a" kindref="member">INTERP_EASE_INOUT</ref>,</highlight><highlight class="keyword">true</highlight><highlight class="normal">);</highlight></codeline>
<codeline lineno="225"><highlight class="normal"><sp/><sp/><sp/><sp/><sp/><sp/><sp/><sp/>delay(500);</highlight></codeline>
<codeline lineno="226"><highlight class="normal"><sp/><sp/><sp/><sp/><sp/><sp/><sp/><sp/><ref refid="uarm__library_8cpp_1a090cc6fa82eb11487fd2c4a227f0b85c" kindref="member">uarm</ref>.<ref refid="classu_arm_class_1aaf4c2ca0a6ff1a78ddc73397b8ea4dd4" kindref="member">move_to</ref>(-15,<sp/>-15,<sp/>17,<sp/>relative<sp/>?<sp/>0<sp/>:<sp/>90,<sp/>relative,<sp/>.5,<sp/><ref refid="uarm__library_8h_1a970bf6c4bc05d857cb09ca7f14d3c396" kindref="member">PATH_ANGLES</ref>,<sp/><ref refid="uarm__library_8h_1a677926da91000853b9f52468a74d444a" kindref="member">INTERP_EASE_INOUT</ref>,</highlight><highlight class="keyword">true</highlight><highlight class="normal">);</highlight></codeline>
<codeline lineno="227"><highlight class="normal"><sp/><sp/><sp/><sp/><sp/><sp/><sp/><sp/>delay(500);</highlight></codeline>
<codeline lineno="228"><highlight class="normal"><sp/><sp/><sp/><sp/><sp/><sp/><sp/><sp/><ref refid="uarm__library_8cpp_1a090cc6fa82eb11487fd2c4a227f0b85c" kindref="member">uarm</ref>.<ref refid="classu_arm_class_1aaf4c2ca0a6ff1a78ddc73397b8ea4dd4" kindref="member">move_to</ref>(15,<sp/>-15,<sp/>17,<sp/>relative<sp/>?<sp/>0<sp/>:<sp/>90,<sp/>relative,<sp/>2,<sp/><ref refid="uarm__library_8h_1a970bf6c4bc05d857cb09ca7f14d3c396" kindref="member">PATH_ANGLES</ref>,<sp/><ref refid="uarm__library_8h_1a677926da91000853b9f52468a74d444a" kindref="member">INTERP_EASE_INOUT</ref>,</highlight><highlight class="keyword">true</highlight><highlight class="normal">);</highlight></codeline>
<codeline lineno="229"><highlight class="normal"><sp/><sp/><sp/><sp/><sp/><sp/><sp/><sp/>delay(500);</highlight></codeline>
<codeline lineno="230"><highlight class="normal"><sp/><sp/><sp/><sp/><sp/><sp/><sp/><sp/><ref refid="uarm__library_8cpp_1a090cc6fa82eb11487fd2c4a227f0b85c" kindref="member">uarm</ref>.<ref refid="classu_arm_class_1aaf4c2ca0a6ff1a78ddc73397b8ea4dd4" kindref="member">move_to</ref>(15,<sp/>-15,<sp/>8,<sp/>relative<sp/>?<sp/>0<sp/>:<sp/>90,<sp/>relative,<sp/>.5,<sp/><ref refid="uarm__library_8h_1a970bf6c4bc05d857cb09ca7f14d3c396" kindref="member">PATH_ANGLES</ref>,<sp/><ref refid="uarm__library_8h_1a677926da91000853b9f52468a74d444a" kindref="member">INTERP_EASE_INOUT</ref>,</highlight><highlight class="keyword">true</highlight><highlight class="normal">);</highlight></codeline>
<codeline lineno="231"><highlight class="normal"><sp/><sp/><sp/><sp/><sp/><sp/><sp/><sp/>delay(500);</highlight></codeline>
<codeline lineno="232"><highlight class="normal"><sp/><sp/><sp/><sp/><sp/><sp/><sp/><sp/><ref refid="uarm__library_8cpp_1a090cc6fa82eb11487fd2c4a227f0b85c" kindref="member">uarm</ref>.<ref refid="classu_arm_class_1aaf4c2ca0a6ff1a78ddc73397b8ea4dd4" kindref="member">move_to</ref>(0,<sp/>-21,<sp/>20,<sp/>90,<sp/><ref refid="uarm__library_8h_1ade99adf031fa0fd810f6fe27c75c9018" kindref="member">F_ABSOLUTE</ref>,<sp/>1,<sp/><ref refid="uarm__library_8h_1a970bf6c4bc05d857cb09ca7f14d3c396" kindref="member">PATH_ANGLES</ref>,<sp/><ref refid="uarm__library_8h_1a677926da91000853b9f52468a74d444a" kindref="member">INTERP_EASE_INOUT</ref>,</highlight><highlight class="keyword">true</highlight><highlight class="normal">);</highlight></codeline>
<codeline lineno="233"><highlight class="normal">}</highlight></codeline>
<codeline lineno="234"><highlight class="normal"></highlight></codeline>
<codeline lineno="235"><highlight class="normal"></highlight><highlight class="keywordtype">void</highlight><highlight class="normal"><sp/><ref refid="movement_8ino_1a4818475d363f53dfe931ed86686ab494" kindref="member">detach_all_servos</ref>()</highlight></codeline>
<codeline lineno="236"><highlight class="normal">{</highlight></codeline>
<codeline lineno="237"><highlight class="normal"><sp/><sp/><sp/><sp/><sp/><sp/><sp/><sp/><ref refid="uarm__library_8cpp_1a090cc6fa82eb11487fd2c4a227f0b85c" kindref="member">uarm</ref>.<ref refid="classu_arm_class_1afa56f149c58d1577804de94ea8235d97" kindref="member">set_servo_status</ref>(</highlight><highlight class="keyword">false</highlight><highlight class="normal">,<sp/><ref refid="uarm__library_8h_1aedb0af3f18647ea800b5e7591f44fff5" kindref="member">SERVO_ROT_NUM</ref>);</highlight></codeline>
<codeline lineno="238"><highlight class="normal"><sp/><sp/><sp/><sp/><sp/><sp/><sp/><sp/><ref refid="uarm__library_8cpp_1a090cc6fa82eb11487fd2c4a227f0b85c" kindref="member">uarm</ref>.<ref refid="classu_arm_class_1afa56f149c58d1577804de94ea8235d97" kindref="member">set_servo_status</ref>(</highlight><highlight class="keyword">false</highlight><highlight class="normal">,<sp/><ref refid="uarm__library_8h_1aad9c39f9a13fb794436e7f28a66ec957" kindref="member">SERVO_LEFT_NUM</ref>);</highlight></codeline>
<codeline lineno="239"><highlight class="normal"><sp/><sp/><sp/><sp/><sp/><sp/><sp/><sp/><ref refid="uarm__library_8cpp_1a090cc6fa82eb11487fd2c4a227f0b85c" kindref="member">uarm</ref>.<ref refid="classu_arm_class_1afa56f149c58d1577804de94ea8235d97" kindref="member">set_servo_status</ref>(</highlight><highlight class="keyword">false</highlight><highlight class="normal">,<sp/><ref refid="uarm__library_8h_1ad6c6879b0915a777fc2165e9e1b324a7" kindref="member">SERVO_RIGHT_NUM</ref>);</highlight></codeline>
<codeline lineno="240"><highlight class="normal"><sp/><sp/><sp/><sp/><sp/><sp/><sp/><sp/><ref refid="uarm__library_8cpp_1a090cc6fa82eb11487fd2c4a227f0b85c" kindref="member">uarm</ref>.<ref refid="classu_arm_class_1afa56f149c58d1577804de94ea8235d97" kindref="member">set_servo_status</ref>(</highlight><highlight class="keyword">false</highlight><highlight class="normal">,<sp/><ref refid="uarm__library_8h_1a21176f343ea2d7a582d08884193c07e9" kindref="member">SERVO_HAND_ROT_NUM</ref>);</highlight></codeline>
<codeline lineno="241"><highlight class="normal">}</highlight></codeline>
<codeline lineno="242"><highlight class="normal"></highlight></codeline>
<codeline lineno="243"><highlight class="normal"></highlight><highlight class="keywordtype">void</highlight><highlight class="normal"><sp/><ref refid="movement_8ino_1a19c6055dde4e672e5753aaa16efd7b69" kindref="member">attach_all_servos</ref>()</highlight></codeline>
<codeline lineno="244"><highlight class="normal">{</highlight></codeline>
<codeline lineno="245"><highlight class="normal"><sp/><sp/><sp/><sp/><sp/><sp/><sp/><sp/><ref refid="uarm__library_8cpp_1a090cc6fa82eb11487fd2c4a227f0b85c" kindref="member">uarm</ref>.<ref refid="classu_arm_class_1afa56f149c58d1577804de94ea8235d97" kindref="member">set_servo_status</ref>(</highlight><highlight class="keyword">true</highlight><highlight class="normal">,<sp/><ref refid="uarm__library_8h_1aedb0af3f18647ea800b5e7591f44fff5" kindref="member">SERVO_ROT_NUM</ref>);</highlight></codeline>
<codeline lineno="246"><highlight class="normal"><sp/><sp/><sp/><sp/><sp/><sp/><sp/><sp/><ref refid="uarm__library_8cpp_1a090cc6fa82eb11487fd2c4a227f0b85c" kindref="member">uarm</ref>.<ref refid="classu_arm_class_1afa56f149c58d1577804de94ea8235d97" kindref="member">set_servo_status</ref>(</highlight><highlight class="keyword">true</highlight><highlight class="normal">,<sp/><ref refid="uarm__library_8h_1aad9c39f9a13fb794436e7f28a66ec957" kindref="member">SERVO_LEFT_NUM</ref>);</highlight></codeline>
<codeline lineno="247"><highlight class="normal"><sp/><sp/><sp/><sp/><sp/><sp/><sp/><sp/><ref refid="uarm__library_8cpp_1a090cc6fa82eb11487fd2c4a227f0b85c" kindref="member">uarm</ref>.<ref refid="classu_arm_class_1afa56f149c58d1577804de94ea8235d97" kindref="member">set_servo_status</ref>(</highlight><highlight class="keyword">true</highlight><highlight class="normal">,<sp/><ref refid="uarm__library_8h_1ad6c6879b0915a777fc2165e9e1b324a7" kindref="member">SERVO_RIGHT_NUM</ref>);</highlight></codeline>
<codeline lineno="248"><highlight class="normal"><sp/><sp/><sp/><sp/><sp/><sp/><sp/><sp/><ref refid="uarm__library_8cpp_1a090cc6fa82eb11487fd2c4a227f0b85c" kindref="member">uarm</ref>.<ref refid="classu_arm_class_1afa56f149c58d1577804de94ea8235d97" kindref="member">set_servo_status</ref>(</highlight><highlight class="keyword">true</highlight><highlight class="normal">,<sp/><ref refid="uarm__library_8h_1a21176f343ea2d7a582d08884193c07e9" kindref="member">SERVO_HAND_ROT_NUM</ref>);</highlight></codeline>
<codeline lineno="249"><highlight class="normal">}</highlight></codeline>
    </programlisting>
    <location file="/Users/alex/Workspace/develop/uarm_metal/uarm4arduino/examples/movement/movement.ino"/>
  </compounddef>
</doxygen>
