Comment,Description,Designator,Footprint,LibRef,Quantity

"08055C104KAT4A",".1UF 50V 10% 0805","C?","CAPC2012X94N","08055C104KAT4A","2"
"08056D104KAT2A","CAP 0.1UF 6.3VDC X5R 10% SMD 0805","C?","CAPC2012X140N","08056D104KAT2A","6"
"C0805C270J5GACTU","Ceramic Multilayer Capacitor; Capacitor Type:General Purpose; Capacitance:27pF; Capacitance Tolerance:± 5%; Voltage Rating:50V; Capacitor Dielectric Type:Multilayer Ceramic; Package/Case:0805; Termination Type:SMD ;RoHS Compliant: Yes","C?","CAPC2012X88N","C0805C270J5GACTU","2"
"CL21A106KAYNNNE","Cap Ceramic 10uF 25V X5R 10% SMD 0805 85°C Embossed T/R","C?","CAPC2012X135N","CL21A106KAYNNNE","2"
"GRM21BR61H106KE43L","SMD Capacitor X5R(EIA) with Capacitance: 10uF Tol. 10%. Rated Voltage: 50Vdc","C?","CAPC2012X145N","GRM21BR61H106KE43L","1"
"JMK212ABJ106KG-T","CAP CER 10UF 6.3V X5R 0805","C?","CAPC2012X140N","JMK212ABJ106KG-T","4"
"LGC26D105MAT2S1","CAP CER 1UF 6.3V X5R 0805","C?","CAPC2012X140N","LGC26D105MAT2S1","5"
"SS34","Diode Schottky 40V 3A 2-Pin SMC T/R","D1, D2","DIOM7959X265N","SS34","2"
"215297-4","","J1, J3, J4","TE_215297-4","215297-4","3"
"10118192-0001LF","Single Port 5 Contact Horizontal Right Angle Shielded Micro B USB 2.0 Connector","J2","AMPHENOL_10118192-0001LF","10118192-0001LF","1"
"DCJ235-05-A-XX-X_REVA","DC Power Jack, Thru-Hole, Horizontal, with Locating Pegs, D2.35mm","J5","GCT_DCJ235-05-A-XX-X_REVA","DCJ235-05-A-XX-X_REVA","1"
"744773122","SMD Power Inductor WE-PD2, L = 22.0 �H","L1","WE-PD2-S","744773122","1"
"SS8050-G","<b>Bipolar Transistors - BJT NPN TRANSISTOR 1.5A 40V</b><p> Source: <a href=""https://componentsearchengine.com/Datasheets/1/SS8050-G.pdf""> Datasheet </a>","Q1, Q2","MBTB-T-SOT23","SS8050-G","2"
"IRLM6402","MOSFET (P-Channel)","Q3","SOT95P237X112-3N","IRLM6402","1"
"ERJ-1GEF5232C","Res Thick Film 0201 52.3K Ohm 1% 0.05W(1/20W) ±200ppm/C SMD T/R","R13","RESC0603X26N","ERJ-1GEF5232C","1"
"ERJ-PB6B4700V","","R?","RESC2012X70N","ERJ-PB6B4700V","6"
"ESR10EZPF1002","RES SMD 10K OHM 1% 0.4W 0805","R?","RESC2012X65N","ESR10EZPF1002","9"
"5-1437565-0","Switch Tactile OFF (ON) Round Button Gull Wing 0.05A 12VDC 1.57N SMD T/R","S1, S2","SW_5-1437565-0","5-1437565-0","2"
"ESP-WROOM-32","Module: combo; GPIO, I2C x2, I2S x2, SDIO, SPI x3, UART x3; 19.5dBm","U1","MODULE_ESP-WROOM-32","ESP-WROOM-32","1"
"SPMWHT541MP5WATMS4","","U2, U7","LED_SPMWHT541MP5WAPKS4","SPMWHT541MP5WATMS4","2"
"CP2109-A01-GM","Single-Chip USB to UART Bridge, 1024 Bytes EEPROM, -40 to 85 degC, 28-pin QFN, Tube","U3","SLAB-QFN-28-3125x3125TP_L","CP2109-A01-GM","1"
"TC1264-3.3VDBTR","800 mA Fixed-Output CMOS LDO with Shutdown, 3-Pin SOT-223, Extended Temperature, Tape and Reel","U4","SOT-223-DB3_L","TC1264-3.3VDBTR","1"
"MCP16311T-E/MS","The MCP16311/2 is a compact, high-efficiency, fixed frequency, synchronous step-down DC-DC converter in an 8-pin MSOP, or 2 x 3 TDFN package that operates from input voltage sources up to 30V. Integrated features include a high-side and a low-side switch, fixed frequency peak current mode control, internal compensation, peak current limit and overtemperature protection. The MCP16311/2 provides all the active functions for local DC-DC conversion, with fast transient response and accurate regulation.","U5","SOP65P490X110-8N","MCP16311T-E/MS","1"
"MCP601T-E/OT","","U6","SOT95P270X145-5N","MCP601T-E/OT","1"
"ABS07-32.768KHZ-9-1-T","ABS07 Series 32.768 kHz ±20 ppm 12.5 pF -40 to +85 C SMT Low Profile Crystal","Y1","XTAL320X150X90","ABS07-32.768KHZ-9-1-T","1"
